activo,fecha,volumen
VOO,2021-03-29,3143300
VOO,2021-03-30,3696200
VOO,2021-03-31,7470300
VOO,2021-04-01,5132000
VOO,2021-04-05,3764100
VOO,2021-04-06,3583500
VOO,2021-04-07,2768900
VOO,2021-04-08,3949400
VOO,2021-04-09,2627500
VOO,2021-04-12,2747500
VOO,2021-04-13,2985500
VOO,2021-04-14,3691100
VOO,2021-04-15,3573800
VOO,2021-04-16,3252500
VOO,2021-04-19,3945700
VOO,2021-04-20,4106700
VOO,2021-04-21,3640100
VOO,2021-04-22,3965000
VOO,2021-04-23,3781100
VOO,2021-04-26,3125200
VOO,2021-04-27,3370600
VOO,2021-04-28,3960400
VOO,2021-04-29,4209900
VOO,2021-04-30,5219200
VOO,2021-05-03,4180800
VOO,2021-05-04,5485600
VOO,2021-05-05,4410700
VOO,2021-05-06,4737300
VOO,2021-05-07,3516600
VOO,2021-05-10,5942700
VOO,2021-05-11,7081500
VOO,2021-05-12,7707400
VOO,2021-05-13,7179100
VOO,2021-05-14,5167900
VOO,2021-05-17,3781600
VOO,2021-05-18,3128300
VOO,2021-05-19,5086300
VOO,2021-05-20,4776700
VOO,2021-05-21,3567500
VOO,2021-05-24,2962500
VOO,2021-05-25,4031800
VOO,2021-05-26,2642700
VOO,2021-05-27,3015900
VOO,2021-05-28,3370100
VOO,2021-06-01,4389000
VOO,2021-06-02,3209200
VOO,2021-06-03,3391000
VOO,2021-06-04,2628100
VOO,2021-06-07,2500600
VOO,2021-06-08,2386600
VOO,2021-06-09,2968100
VOO,2021-06-10,2611800
VOO,2021-06-11,2241500
VOO,2021-06-14,2252200
VOO,2021-06-15,2405000
VOO,2021-06-16,4194300
VOO,2021-06-17,4065300
VOO,2021-06-18,5211100
VOO,2021-06-21,4389800
VOO,2021-06-22,2705400
VOO,2021-06-23,2404200
VOO,2021-06-24,2987800
VOO,2021-06-25,2862800
VOO,2021-06-28,2418500
VOO,2021-06-29,2927600
VOO,2021-06-30,3795900
VOO,2021-07-01,3414500
VOO,2021-07-02,4363100
VOO,2021-07-06,4331300
VOO,2021-07-07,4747800
VOO,2021-07-08,5817100
VOO,2021-07-09,3332200
VOO,2021-07-12,2929200
VOO,2021-07-13,4313100
VOO,2021-07-14,3332200
VOO,2021-07-15,4483900
VOO,2021-07-16,4516600
VOO,2021-07-19,12336200
VOO,2021-07-20,4043100
VOO,2021-07-21,2996600
VOO,2021-07-22,2575700
VOO,2021-07-23,3151900
VOO,2021-07-26,2374300
VOO,2021-07-27,3626100
VOO,2021-07-28,3763700
VOO,2021-07-29,2274200
VOO,2021-07-30,5204500
VOO,2021-08-02,5814700
VOO,2021-08-03,4129600
VOO,2021-08-04,3880200
VOO,2021-08-05,3052800
VOO,2021-08-06,2486900
VOO,2021-08-09,1984400
VOO,2021-08-10,2400700
VOO,2021-08-11,3554400
VOO,2021-08-12,2319300
VOO,2021-08-13,2253800
VOO,2021-08-16,3379100
VOO,2021-08-17,5186300
VOO,2021-08-18,4878300
VOO,2021-08-19,5505700
VOO,2021-08-20,3263600
VOO,2021-08-23,3259400
VOO,2021-08-24,3006500
VOO,2021-08-25,3261400
VOO,2021-08-26,4707600
VOO,2021-08-27,3882200
VOO,2021-08-30,2811800
VOO,2021-08-31,6062900
VOO,2021-09-01,3256400
VOO,2021-09-02,2835500
VOO,2021-09-03,3740000
VOO,2021-09-07,3542500
VOO,2021-09-08,4012600
VOO,2021-09-09,3887800
VOO,2021-09-10,4035500
VOO,2021-09-13,4738300
VOO,2021-09-14,3657700
VOO,2021-09-15,3891400
VOO,2021-09-16,3351500
VOO,2021-09-17,5396100
VOO,2021-09-20,10942700
VOO,2021-09-21,6418100
VOO,2021-09-22,6004800
VOO,2021-09-23,4098000
VOO,2021-09-24,3417700
VOO,2021-09-27,3546600
VOO,2021-09-28,8234300
VOO,2021-09-29,4724200
VOO,2021-09-30,9511200
VOO,2021-10-01,8482200
VOO,2021-10-04,8820400
VOO,2021-10-05,5523200
VOO,2021-10-06,6590000
VOO,2021-10-07,4409200
VOO,2021-10-08,3960900
VOO,2021-10-11,3695700
VOO,2021-10-12,6201300
VOO,2021-10-13,6492400
VOO,2021-10-14,3785200
VOO,2021-10-15,3501600
VOO,2021-10-18,3402700
VOO,2021-10-19,2838300
VOO,2021-10-20,3208200
VOO,2021-10-21,2579500
VOO,2021-10-22,3648900
VOO,2021-10-25,2511500
VOO,2021-10-26,3085300
VOO,2021-10-27,2873500
VOO,2021-10-28,3643600
VOO,2021-10-29,4637400
VOO,2021-11-01,3937300
VOO,2021-11-02,2989200
VOO,2021-11-03,3562900
VOO,2021-11-04,4287300
VOO,2021-11-05,4942900
VOO,2021-11-08,3511600
VOO,2021-11-09,4696000
VOO,2021-11-10,6350700
VOO,2021-11-11,3634600
VOO,2021-11-12,3655500
VOO,2021-11-15,3122300
VOO,2021-11-16,3267000
VOO,2021-11-17,3764900
VOO,2021-11-18,4732200
VOO,2021-11-19,4886200
VOO,2021-11-22,4868300
VOO,2021-11-23,6795200
VOO,2021-11-24,4569600
VOO,2021-11-26,7702500
VOO,2021-11-29,6300800
VOO,2021-11-30,8657600
VOO,2021-12-01,8337000
VOO,2021-12-02,10417700
VOO,2021-12-03,10228900
VOO,2021-12-06,7289500
VOO,2021-12-07,4731900
VOO,2021-12-08,4476500
VOO,2021-12-09,5035400
VOO,2021-12-10,6238300
VOO,2021-12-13,5923900
VOO,2021-12-14,6522900
VOO,2021-12-15,6871300
VOO,2021-12-16,7159500
VOO,2021-12-17,8882700
VOO,2021-12-20,9903400
VOO,2021-12-21,6916700
VOO,2021-12-22,4992200
VOO,2021-12-23,5032700
VOO,2021-12-27,4986300
VOO,2021-12-28,4865800
VOO,2021-12-29,4596700
VOO,2021-12-30,3751800
VOO,2021-12-31,5185600
VOO,2022-01-03,6017300
VOO,2022-01-04,6262200
VOO,2022-01-05,7539600
VOO,2022-01-06,7971500
VOO,2022-01-07,6157500
VOO,2022-01-10,10481500
VOO,2022-01-11,7282400
VOO,2022-01-12,8270300
VOO,2022-01-13,7521300
VOO,2022-01-14,9960800
VOO,2022-01-18,10681500
VOO,2022-01-19,8184100
VOO,2022-01-20,8907600
VOO,2022-01-21,16225900
VOO,2022-01-24,22970700
VOO,2022-01-25,16836300
VOO,2022-01-26,14377300
VOO,2022-01-27,12455200
VOO,2022-01-28,12096800
VOO,2022-01-31,9200400
VOO,2022-02-01,8154900
VOO,2022-02-02,6726500
VOO,2022-02-03,7658300
VOO,2022-02-04,8210000
VOO,2022-02-07,5620900
VOO,2022-02-08,5565700
VOO,2022-02-09,6284500
VOO,2022-02-10,9260500
VOO,2022-02-11,10458600
VOO,2022-02-14,10167600
VOO,2022-02-15,6815000
VOO,2022-02-16,7743800
VOO,2022-02-17,7541000
VOO,2022-02-18,10570800
VOO,2022-02-22,10414700
VOO,2022-02-23,12154900
VOO,2022-02-24,21277200
VOO,2022-02-25,11665200
VOO,2022-02-28,11855900
VOO,2022-03-01,9124400
VOO,2022-03-02,8185200
VOO,2022-03-03,8745300
VOO,2022-03-04,6317700
VOO,2022-03-07,8411500
VOO,2022-03-08,9356100
VOO,2022-03-09,5812600
VOO,2022-03-10,6394800
VOO,2022-03-11,5872800
VOO,2022-03-14,6455000
VOO,2022-03-15,5739400
VOO,2022-03-16,7407300
VOO,2022-03-17,5177500
VOO,2022-03-18,5875000
VOO,2022-03-21,4159500
VOO,2022-03-22,4231700
VOO,2022-03-23,3742600
VOO,2022-03-24,2977300
VOO,2022-03-25,3638000
VOO,2022-03-28,3395300
VOO,2022-03-29,5510600
VOO,2022-03-30,4794300
VOO,2022-03-31,5876600
VOO,2022-04-01,4663100
VOO,2022-04-04,5117200
VOO,2022-04-05,4112000
VOO,2022-04-06,5540700
VOO,2022-04-07,4954100
VOO,2022-04-08,4752800
VOO,2022-04-11,3342800
VOO,2022-04-12,6615800
VOO,2022-04-13,4358700
VOO,2022-04-14,3735700
VOO,2022-04-18,4305900
VOO,2022-04-19,3841500
VOO,2022-04-20,5067100
VOO,2022-04-21,4670200
VOO,2022-04-22,6326400
VOO,2022-04-25,8141200
VOO,2022-04-26,8493000
VOO,2022-04-27,6415700
VOO,2022-04-28,7030200
VOO,2022-04-29,8221900
VOO,2022-05-02,10737000
VOO,2022-05-03,5607700
VOO,2022-05-04,7367500
VOO,2022-05-05,10477300
VOO,2022-05-06,7959600
VOO,2022-05-09,10793200
VOO,2022-05-10,7870800
VOO,2022-05-11,8026900
VOO,2022-05-12,7679200
VOO,2022-05-13,5377400
VOO,2022-05-16,4719800
VOO,2022-05-17,4513300
VOO,2022-05-18,6883600
VOO,2022-05-19,6359500
VOO,2022-05-20,8755900
VOO,2022-05-23,5254900
VOO,2022-05-24,5567300
VOO,2022-05-25,5704600
VOO,2022-05-26,4248300
VOO,2022-05-27,3911800
VOO,2022-05-31,5016500
VOO,2022-06-01,4245800
VOO,2022-06-02,3273700
VOO,2022-06-03,2749500
VOO,2022-06-06,2659500
VOO,2022-06-07,2649900
VOO,2022-06-08,3436400
VOO,2022-06-09,3022000
VOO,2022-06-10,7629700
VOO,2022-06-13,10399700
VOO,2022-06-14,7584200
VOO,2022-06-15,7887600
VOO,2022-06-16,8821900
VOO,2022-06-17,7084000
VOO,2022-06-21,5628300
VOO,2022-06-22,4876100
VOO,2022-06-23,6708800
VOO,2022-06-24,5458600
VOO,2022-06-27,4608600
VOO,2022-06-28,8797800
VOO,2022-06-29,3775900
VOO,2022-06-30,7159600
VOO,2022-07-01,7481500
VOO,2022-07-05,6180600
VOO,2022-07-06,5450900
VOO,2022-07-07,3737500
VOO,2022-07-08,4791300
VOO,2022-07-11,3491700
VOO,2022-07-12,4080300
VOO,2022-07-13,5603500
VOO,2022-07-14,4624800
VOO,2022-07-15,4520500
VOO,2022-07-18,3544900
VOO,2022-07-19,3620200
VOO,2022-07-20,4270600
VOO,2022-07-21,4604000
VOO,2022-07-22,4533900
VOO,2022-07-25,3902200
VOO,2022-07-26,2987200
VOO,2022-07-27,4500300
VOO,2022-07-28,4345300
VOO,2022-07-29,5246400
VOO,2022-08-01,4421400
VOO,2022-08-02,4132600
VOO,2022-08-03,3854800
VOO,2022-08-04,3410600
VOO,2022-08-05,2852100
VOO,2022-08-08,3450800
VOO,2022-08-09,2360500
VOO,2022-08-10,3651000
VOO,2022-08-11,3575400
VOO,2022-08-12,3664400
VOO,2022-08-15,3203900
VOO,2022-08-16,3864800
VOO,2022-08-17,3222300
VOO,2022-08-18,3258100
VOO,2022-08-19,2899000
VOO,2022-08-22,4153700
VOO,2022-08-23,2869200
VOO,2022-08-24,2241200
VOO,2022-08-25,2631300
VOO,2022-08-26,5153200
VOO,2022-08-29,4953200
VOO,2022-08-30,5044500
VOO,2022-08-31,4062500
VOO,2022-09-01,6126800
VOO,2022-09-02,4544200
VOO,2022-09-06,5680300
VOO,2022-09-07,4137000
VOO,2022-09-08,3692000
VOO,2022-09-09,2621600
VOO,2022-09-12,2961400
VOO,2022-09-13,5549200
VOO,2022-09-14,3555500
VOO,2022-09-15,3807500
VOO,2022-09-16,4452300
VOO,2022-09-19,3412600
VOO,2022-09-20,3624000
VOO,2022-09-21,5102400
VOO,2022-09-22,5555600
VOO,2022-09-23,10491500
VOO,2022-09-26,5405700
VOO,2022-09-27,5795700
VOO,2022-09-28,8683900
VOO,2022-09-29,7230100
VOO,2022-09-30,7736600
VOO,2022-10-03,5739000
VOO,2022-10-04,5110000
VOO,2022-10-05,4755800
VOO,2022-10-06,3879600
VOO,2022-10-07,5168100
VOO,2022-10-10,3933900
VOO,2022-10-11,4968100
VOO,2022-10-12,3235100
VOO,2022-10-13,6396900
VOO,2022-10-14,4879400
VOO,2022-10-17,3889500
VOO,2022-10-18,4903300
VOO,2022-10-19,4403200
VOO,2022-10-20,3459100
VOO,2022-10-21,4362400
VOO,2022-10-24,5639400
VOO,2022-10-25,5203400
VOO,2022-10-26,4277700
VOO,2022-10-27,4145300
VOO,2022-10-28,4388100
VOO,2022-10-31,6431000
VOO,2022-11-01,8014300
VOO,2022-11-02,5022500
VOO,2022-11-03,4534800
VOO,2022-11-04,3655400
VOO,2022-11-07,3316600
VOO,2022-11-08,3237200
VOO,2022-11-09,3570800
VOO,2022-11-10,4603600
VOO,2022-11-11,4877400
VOO,2022-11-14,5274300
VOO,2022-11-15,4597800
VOO,2022-11-16,2755100
VOO,2022-11-17,3278500
VOO,2022-11-18,2574400
VOO,2022-11-21,2397900
VOO,2022-11-22,2316000
VOO,2022-11-23,2590900
VOO,2022-11-25,1423400
VOO,2022-11-28,3553600
VOO,2022-11-29,2507800
VOO,2022-11-30,4748800
VOO,2022-12-01,4608600
VOO,2022-12-02,3596000
VOO,2022-12-05,3707000
VOO,2022-12-06,3911000
VOO,2022-12-07,3338000
VOO,2022-12-08,3604500
VOO,2022-12-09,4271400
VOO,2022-12-12,2946200
VOO,2022-12-13,6161800
VOO,2022-12-14,4707100
VOO,2022-12-15,5126800
VOO,2022-12-16,4533100
VOO,2022-12-19,5538500
VOO,2022-12-20,5068200
VOO,2022-12-21,3832400
VOO,2022-12-22,6458200
VOO,2022-12-23,4572000
VOO,2022-12-27,4303200
VOO,2022-12-28,4464600
VOO,2022-12-29,4086600
VOO,2022-12-30,5325400
VOO,2023-01-03,4957300
VOO,2023-01-04,3119100
VOO,2023-01-05,3216500
VOO,2023-01-06,3464800
VOO,2023-01-09,3775300
VOO,2023-01-10,3495700
VOO,2023-01-11,5710500
VOO,2023-01-12,4743500
VOO,2023-01-13,3015200
VOO,2023-01-17,4942000
VOO,2023-01-18,3931800
VOO,2023-01-19,3569900
VOO,2023-01-20,3265100
VOO,2023-01-23,3243300
VOO,2023-01-24,2702400
VOO,2023-01-25,3061700
VOO,2023-01-26,3460900
VOO,2023-01-27,5549500
VOO,2023-01-30,3280600
VOO,2023-01-31,4181700
VOO,2023-02-01,4941700
VOO,2023-02-02,5207900
VOO,2023-02-03,6472500
VOO,2023-02-06,2880100
VOO,2023-02-07,4504600
VOO,2023-02-08,2921500
VOO,2023-02-09,3327700
VOO,2023-02-10,3256700
VOO,2023-02-13,2980600
VOO,2023-02-14,4718000
VOO,2023-02-15,2820200
VOO,2023-02-16,3077500
VOO,2023-02-17,3285300
VOO,2023-02-21,3109200
VOO,2023-02-22,3872000
VOO,2023-02-23,2867200
VOO,2023-02-24,4055000
VOO,2023-02-27,3300100
VOO,2023-02-28,3022200
VOO,2023-03-01,3764700
VOO,2023-03-02,2727200
VOO,2023-03-03,4913600
VOO,2023-03-06,2638300
VOO,2023-03-07,3546100
VOO,2023-03-08,2906300
VOO,2023-03-09,4409600
VOO,2023-03-10,8360400
VOO,2023-03-13,6478700
VOO,2023-03-14,4798800
VOO,2023-03-15,6610400
VOO,2023-03-16,5016700
VOO,2023-03-17,5189900
VOO,2023-03-20,3099800
VOO,2023-03-21,4117600
VOO,2023-03-22,4094800
VOO,2023-03-23,4787200
VOO,2023-03-24,3740400
VOO,2023-03-27,4144800
VOO,2023-03-28,2413700
VOO,2023-03-29,3636100
VOO,2023-03-30,3316700
VOO,2023-03-31,4159800
VOO,2023-04-03,3525300
VOO,2023-04-04,2713300
VOO,2023-04-05,3227700
VOO,2023-04-06,3076200
VOO,2023-04-10,2671100
VOO,2023-04-11,3069000
VOO,2023-04-12,3624200
VOO,2023-04-13,2680900
VOO,2023-04-14,2981700
VOO,2023-04-17,2721000
VOO,2023-04-18,3019300
VOO,2023-04-19,2671300
VOO,2023-04-20,2953200
VOO,2023-04-21,2762300
VOO,2023-04-24,2310400
VOO,2023-04-25,3795400
VOO,2023-04-26,3766900
VOO,2023-04-27,4302400
VOO,2023-04-28,3386900
VOO,2023-05-01,3069300
VOO,2023-05-02,4311600
VOO,2023-05-03,5513000
VOO,2023-05-04,4421500
VOO,2023-05-05,3139400
VOO,2023-05-08,2957600
VOO,2023-05-09,2271000
VOO,2023-05-10,3512900
VOO,2023-05-11,2676600
VOO,2023-05-12,2531000
VOO,2023-05-15,3882600
VOO,2023-05-16,2275300
VOO,2023-05-17,3222600
VOO,2023-05-18,3340600
VOO,2023-05-19,3649000
VOO,2023-05-22,2784000
VOO,2023-05-23,2887300
VOO,2023-05-24,3611600
VOO,2023-05-25,3315900
VOO,2023-05-26,3042800
VOO,2023-05-30,3968500
VOO,2023-05-31,4205300
VOO,2023-06-01,3563600
VOO,2023-06-02,7368900
VOO,2023-06-05,3481200
VOO,2023-06-06,2894700
VOO,2023-06-07,3942900
VOO,2023-06-08,3455400
VOO,2023-06-09,3060100
VOO,2023-06-12,3792700
VOO,2023-06-13,3913100
VOO,2023-06-14,5161300
VOO,2023-06-15,5285000
VOO,2023-06-16,5141900
VOO,2023-06-20,4242900
VOO,2023-06-21,3423500
VOO,2023-06-22,3141000
VOO,2023-06-23,4215300
VOO,2023-06-26,3250700
VOO,2023-06-27,4302400
VOO,2023-06-28,4320700
VOO,2023-06-29,3914800
VOO,2023-06-30,5173700
VOO,2023-07-03,2372000
VOO,2023-07-05,4230100
VOO,2023-07-06,6040300
VOO,2023-07-07,3673200
VOO,2023-07-10,3362300
VOO,2023-07-11,3177800
VOO,2023-07-12,4246400
VOO,2023-07-13,3273400
VOO,2023-07-14,3680900
VOO,2023-07-17,2963700
VOO,2023-07-18,3594000
VOO,2023-07-19,3494900
VOO,2023-07-20,4085000
VOO,2023-07-21,3176700
VOO,2023-07-24,3471100
VOO,2023-07-25,3949300
VOO,2023-07-26,6138800
VOO,2023-07-27,4149400
VOO,2023-07-28,2701200
VOO,2023-07-31,3452100
VOO,2023-08-01,3118000
VOO,2023-08-02,4973700
VOO,2023-08-03,3022300
VOO,2023-08-04,5717300
VOO,2023-08-07,2598000
VOO,2023-08-08,3780100
VOO,2023-08-09,3145900
VOO,2023-08-10,4588300
VOO,2023-08-11,2918900
VOO,2023-08-14,2772900
VOO,2023-08-15,4686100
VOO,2023-08-16,3353700
VOO,2023-08-17,7102500
VOO,2023-08-18,4157700
VOO,2023-08-21,3292400
VOO,2023-08-22,2646100
VOO,2023-08-23,3250000
VOO,2023-08-24,3458800
VOO,2023-08-25,4417800
VOO,2023-08-28,3236700
VOO,2023-08-29,3482700
VOO,2023-08-30,3004500
VOO,2023-08-31,4751100
VOO,2023-09-01,3588000
VOO,2023-09-05,4426700
VOO,2023-09-06,3744100
VOO,2023-09-07,2245800
VOO,2023-09-08,4124400
VOO,2023-09-11,3346600
VOO,2023-09-12,7595300
VOO,2023-09-13,2529700
VOO,2023-09-14,3660900
VOO,2023-09-15,4004000
VOO,2023-09-18,3014600
VOO,2023-09-19,3623300
VOO,2023-09-20,4009400
VOO,2023-09-21,4633100
VOO,2023-09-22,7204200
VOO,2023-09-25,3227900
VOO,2023-09-26,5734700
VOO,2023-09-27,4837700
VOO,2023-09-28,4065800
VOO,2023-09-29,5766600
VOO,2023-10-02,5886200
VOO,2023-10-03,6886700
VOO,2023-10-04,4333700
VOO,2023-10-05,3329100
VOO,2023-10-06,4897200
VOO,2023-10-09,2959500
VOO,2023-10-10,3289600
VOO,2023-10-11,4181800
VOO,2023-10-12,3872900
VOO,2023-10-13,3769800
VOO,2023-10-16,5150900
VOO,2023-10-17,4214600
VOO,2023-10-18,7329300
VOO,2023-10-19,6708900
VOO,2023-10-20,7549600
VOO,2023-10-23,5537100
VOO,2023-10-24,4451500
VOO,2023-10-25,5471200
VOO,2023-10-26,6959400
VOO,2023-10-27,5638800
VOO,2023-10-30,5795800
VOO,2023-10-31,4523200
VOO,2023-11-01,5549200
VOO,2023-11-02,4752200
VOO,2023-11-03,5981400
VOO,2023-11-06,4007100
VOO,2023-11-07,3358600
VOO,2023-11-08,3731900
VOO,2023-11-09,4145600
VOO,2023-11-10,3992800
VOO,2023-11-13,2872900
VOO,2023-11-14,6973100
VOO,2023-11-15,4414800
VOO,2023-11-16,3798900
VOO,2023-11-17,4696200
VOO,2023-11-20,3517600
VOO,2023-11-21,5248200
VOO,2023-11-22,3692800
VOO,2023-11-24,1351300
VOO,2023-11-27,3632600
VOO,2023-11-28,3382400
VOO,2023-11-29,4092600
VOO,2023-11-30,4405700
VOO,2023-12-01,4973600
VOO,2023-12-04,5806100
VOO,2023-12-05,3419300
VOO,2023-12-06,4201800
VOO,2023-12-07,3248300
VOO,2023-12-08,5125300
VOO,2023-12-11,5247100
VOO,2023-12-12,5982600
VOO,2023-12-13,8659100
VOO,2023-12-14,8349100
VOO,2023-12-15,5326000
VOO,2023-12-18,4280500
VOO,2023-12-19,4061500
VOO,2023-12-20,5783200
VOO,2023-12-21,4621600
VOO,2023-12-22,4037800
VOO,2023-12-26,3835800
VOO,2023-12-27,4271000
VOO,2023-12-28,4703700
VOO,2023-12-29,4376900
VOO,2024-01-02,9076000
VOO,2024-01-03,4805000
VOO,2024-01-04,3945300
VOO,2024-01-05,5724600
VOO,2024-01-08,7222400
VOO,2024-01-09,7939600
VOO,2024-01-10,4278800
VOO,2024-01-11,4796600
VOO,2024-01-12,5182700
VOO,2024-01-16,5730800
VOO,2024-01-17,6044600
VOO,2024-01-18,4331300
VOO,2024-01-19,4836800
VOO,2024-01-22,5870400
VOO,2024-01-23,3251600
VOO,2024-01-24,4568200
VOO,2024-01-25,4167100
VOO,2024-01-26,6404000
VOO,2024-01-29,4543300
VOO,2024-01-30,3410000
VOO,2024-01-31,7108000
VOO,2024-02-01,6138400
VOO,2024-02-02,6253500
VOO,2024-02-05,7101900
VOO,2024-02-06,4383600
VOO,2024-02-07,6763400
VOO,2024-02-08,4184600
VOO,2024-02-09,4002600
VOO,2024-02-12,4564200
VOO,2024-02-13,8152200
VOO,2024-02-14,5624000
VOO,2024-02-15,5695700
VOO,2024-02-16,5527900
VOO,2024-02-20,5306800
VOO,2024-02-21,4208600
VOO,2024-02-22,4328500
VOO,2024-02-23,4050600
VOO,2024-02-26,3450800
VOO,2024-02-27,3586900
VOO,2024-02-28,2800600
VOO,2024-02-29,7332900
VOO,2024-03-01,4839400
VOO,2024-03-04,3970200
VOO,2024-03-05,4616500
VOO,2024-03-06,5325100
VOO,2024-03-07,7149800
VOO,2024-03-08,6285600
VOO,2024-03-11,5323900
VOO,2024-03-12,4811000
VOO,2024-03-13,3544500
VOO,2024-03-14,5153000
VOO,2024-03-15,6807100
VOO,2024-03-18,3939100
VOO,2024-03-19,4550200
VOO,2024-03-20,6179400
VOO,2024-03-21,5044700
VOO,2024-03-22,5881500
VOO,2024-03-25,6081300
VOO,2024-03-26,8073500
VOO,2024-03-27,4951400
VOO,2024-03-28,4065000
VOO,2024-04-01,5734000
VOO,2024-04-02,4817800
VOO,2024-04-03,6224800
VOO,2024-04-04,6871200
VOO,2024-04-05,5588200
VOO,2024-04-08,4736800
VOO,2024-04-09,5250400
VOO,2024-04-10,6933400
VOO,2024-04-11,5109900
VOO,2024-04-12,6959700
VOO,2024-04-15,9530000
VOO,2024-04-16,6761400
VOO,2024-04-17,7156200
VOO,2024-04-18,5637300
VOO,2024-04-19,9787500
VOO,2024-04-22,5818100
VOO,2024-04-23,4257400
VOO,2024-04-24,7687800
VOO,2024-04-25,4876200
VOO,2024-04-26,4907100
VOO,2024-04-29,3253200
VOO,2024-04-30,4364800
VOO,2024-05-01,6115400
VOO,2024-05-02,3972400
VOO,2024-05-03,4586900
VOO,2024-05-06,4782500
VOO,2024-05-07,3451300
VOO,2024-05-08,3214900
VOO,2024-05-09,3486000
VOO,2024-05-10,3347200
VOO,2024-05-13,3108400
VOO,2024-05-14,3257700
VOO,2024-05-15,4399500
VOO,2024-05-16,3347400
VOO,2024-05-17,3274000
VOO,2024-05-20,2599600
VOO,2024-05-21,2453600
VOO,2024-05-22,3250600
VOO,2024-05-23,3811300
VOO,2024-05-24,2555200
VOO,2024-05-28,4034700
VOO,2024-05-29,5605000
VOO,2024-05-30,3386800
VOO,2024-05-31,5334000
VOO,2024-06-03,4211300
VOO,2024-06-04,2560300
VOO,2024-06-05,3026100
VOO,2024-06-06,21344000
VOO,2024-06-07,3063600
VOO,2024-06-10,3461900
VOO,2024-06-11,4028400
VOO,2024-06-12,3698800
VOO,2024-06-13,8808900
VOO,2024-06-14,5812000
VOO,2024-06-17,4609500
VOO,2024-06-18,3431700
VOO,2024-06-20,4810900
VOO,2024-06-21,4338100
VOO,2024-06-24,7022800
VOO,2024-06-25,6325200
VOO,2024-06-26,3202700
VOO,2024-06-27,3619700
VOO,2024-06-28,5598600
VOO,2024-07-01,4368500
VOO,2024-07-02,4210100
VOO,2024-07-03,2131100
VOO,2024-07-05,3156900
VOO,2024-07-08,3143400
VOO,2024-07-09,3140600
VOO,2024-07-10,3446900
VOO,2024-07-11,5537800
VOO,2024-07-12,5238200
VOO,2024-07-15,7771500
VOO,2024-07-16,4164300
VOO,2024-07-17,4984300
VOO,2024-07-18,5055900
VOO,2024-07-19,4039400
VOO,2024-07-22,4342900
VOO,2024-07-23,3116000
VOO,2024-07-24,6157400
VOO,2024-07-25,5646600
VOO,2024-07-26,3636000
VOO,2024-07-29,3096200
VOO,2024-07-30,3817800
VOO,2024-07-31,5367600
VOO,2024-08-01,6939200
VOO,2024-08-02,8561200
VOO,2024-08-05,15244300
VOO,2024-08-06,8255000
VOO,2024-08-07,5976400
VOO,2024-08-08,4177200
VOO,2024-08-09,7661300
VOO,2024-08-12,3578100
VOO,2024-08-13,3247900
VOO,2024-08-14,3700500
VOO,2024-08-15,4279000
VOO,2024-08-16,3449300
VOO,2024-08-19,3804300
VOO,2024-08-20,3156000
VOO,2024-08-21,3344100
VOO,2024-08-22,3677100
VOO,2024-08-23,5102800
VOO,2024-08-26,3398600
VOO,2024-08-27,3031800
VOO,2024-08-28,3940400
VOO,2024-08-29,3487100
VOO,2024-08-30,5637700
VOO,2024-09-03,5866400
VOO,2024-09-04,3601400
VOO,2024-09-05,3425600
VOO,2024-09-06,7411400
VOO,2024-09-09,3656800
VOO,2024-09-10,2975400
VOO,2024-09-11,5956900
VOO,2024-09-12,4092900
VOO,2024-09-13,4416600
VOO,2024-09-16,4256300
VOO,2024-09-17,8150000
VOO,2024-09-18,6921300
VOO,2024-09-19,5558400
VOO,2024-09-20,5612700
VOO,2024-09-23,29289200
VOO,2024-09-24,4650600
VOO,2024-09-25,35418000
VOO,2024-09-26,5273900
VOO,2024-09-27,5598600
VOO,2024-09-30,8013000
VOO,2024-10-01,9198700
VOO,2024-10-02,3270600
VOO,2024-10-03,4008000
VOO,2024-10-04,5354400
VOO,2024-10-07,3970500
VOO,2024-10-08,2626700
VOO,2024-10-09,2941800
VOO,2024-10-10,3637600
VOO,2024-10-11,5429200
VOO,2024-10-14,2638900
VOO,2024-10-15,4811300
VOO,2024-10-16,3237200
VOO,2024-10-17,3225300
VOO,2024-10-18,5070400
VOO,2024-10-21,3671400
VOO,2024-10-22,3366600
VOO,2024-10-23,5227800
VOO,2024-10-24,4477800
VOO,2024-10-25,4327200
VOO,2024-10-28,3408000
VOO,2024-10-29,3027600
VOO,2024-10-30,3067000
VOO,2024-10-31,7972800
VOO,2024-11-01,6106900
VOO,2024-11-04,3681500
VOO,2024-11-05,3300300
VOO,2024-11-06,7483300
VOO,2024-11-07,6051300
VOO,2024-11-08,6798000
VOO,2024-11-11,4893100
VOO,2024-11-12,4818600
VOO,2024-11-13,3701600
VOO,2024-11-14,3940300
VOO,2024-11-15,7360100
VOO,2024-11-18,4494500
VOO,2024-11-19,6978400
VOO,2024-11-20,3949100
VOO,2024-11-21,4530600
VOO,2024-11-22,5574600
VOO,2024-11-25,4305000
VOO,2024-11-26,4438600
VOO,2024-11-27,3312200
VOO,2024-11-29,3988700
VOO,2024-12-02,5441000
VOO,2024-12-03,4202900
VOO,2024-12-04,5490300
VOO,2024-12-05,3021600
VOO,2024-12-06,5134900
VOO,2024-12-09,4412300
VOO,2024-12-10,4110100
VOO,2024-12-11,3514400
VOO,2024-12-12,4048600
VOO,2024-12-13,4666900
VOO,2024-12-16,22846800
VOO,2024-12-17,6110900
VOO,2024-12-18,24584900
VOO,2024-12-19,16792100
VOO,2024-12-20,9389400
VOO,2024-12-23,7063400
VOO,2024-12-24,3439300
VOO,2024-12-26,4492000
VOO,2024-12-27,7077100
VOO,2024-12-30,6505100
VOO,2024-12-31,6040800
VOO,2025-01-02,7142700
VOO,2025-01-03,6416300
VOO,2025-01-06,5983400
VOO,2025-01-07,5383200
VOO,2025-01-08,4317000
VOO,2025-01-10,7935200
VOO,2025-01-13,5621000
VOO,2025-01-14,8820000
VOO,2025-01-15,5307300
VOO,2025-01-16,3632800
VOO,2025-01-17,6558700
VOO,2025-01-21,5301700
VOO,2025-01-22,4780000
VOO,2025-01-23,6217900
VOO,2025-01-24,3612100
VOO,2025-01-27,7617400
VOO,2025-01-28,4164700
VOO,2025-01-29,4174500
VOO,2025-01-30,4296500
VOO,2025-01-31,6233900
VOO,2025-02-03,7824000
VOO,2025-02-04,4181400
VOO,2025-02-05,3424200
VOO,2025-02-06,3606300
VOO,2025-02-07,10161600
VOO,2025-02-10,3517600
VOO,2025-02-11,2752900
VOO,2025-02-12,3579500
VOO,2025-02-13,3388500
VOO,2025-02-14,3380600
VOO,2025-02-18,3844900
VOO,2025-02-19,3857600
VOO,2025-02-20,4446800
VOO,2025-02-21,6148700
VOO,2025-02-24,4772300
VOO,2025-02-25,5491500
VOO,2025-02-26,4180800
VOO,2025-02-27,5521400
VOO,2025-02-28,7328100
VOO,2025-03-03,7290000
VOO,2025-03-04,10477400
VOO,2025-03-05,6221700
VOO,2025-03-06,7228900
VOO,2025-03-07,7308300
VOO,2025-03-10,11176900
VOO,2025-03-11,11208900
VOO,2025-03-12,8590600
VOO,2025-03-13,21650000
VOO,2025-03-14,7412300
VOO,2025-03-17,6269800
VOO,2025-03-18,6010600
VOO,2025-03-19,5373900
VOO,2025-03-20,6029700
VOO,2025-03-21,5059000
VOO,2025-03-24,22376300
VOO,2025-03-25,6260200
VOO,2025-03-26,4410200
VOO,2025-03-27,5534900
VOO,2025-03-28,5831800
VOO,2025-03-31,8196700
VOO,2025-04-01,7697000
VOO,2025-04-02,6308600
VOO,2025-04-03,16226000
VOO,2025-04-04,30966500
VOO,2025-04-07,31285300
VOO,2025-04-08,19002700
VOO,2025-04-09,29286600
VOO,2025-04-10,16651300
VOO,2025-04-11,11541200
VOO,2025-04-14,7701500
VOO,2025-04-15,8200600
VOO,2025-04-16,6374900
VOO,2025-04-17,5638900
VOO,2025-04-21,7762500
VOO,2025-04-22,6236300
VOO,2025-04-23,8047600
VOO,2025-04-24,6184300
VOO,2025-04-25,6933400
VOO,2025-04-28,4210000
VOO,2025-04-29,6525500
VOO,2025-04-30,7873700
VOO,2025-05-01,5784500
VOO,2025-05-02,6285400
VOO,2025-05-05,4793500
VOO,2025-05-06,4694300
VOO,2025-05-07,5460000
VOO,2025-05-08,5088200
VOO,2025-05-09,4739500
VOO,2025-05-12,7793600
VOO,2025-05-13,7356800
VOO,2025-05-14,5031300
VOO,2025-05-15,7362200
VOO,2025-05-16,7255300
VOO,2025-05-19,7766100
VOO,2025-05-20,7158200
VOO,2025-05-21,6339500
VOO,2025-05-22,5816600
VOO,2025-05-23,6455900
VOO,2025-05-27,6118100
VOO,2025-05-28,4910500
VOO,2025-05-29,4659500
VOO,2025-05-30,6171500
VOO,2025-06-02,5933500
VOO,2025-06-03,4993600
VOO,2025-06-04,4543400
VOO,2025-06-05,6372100
VOO,2025-06-06,4736000
VOO,2025-06-09,4516400
VOO,2025-06-10,5984100
VOO,2025-06-11,20800600
VOO,2025-06-12,8422900
VOO,2025-06-13,7100600
VOO,2025-06-16,7421300
VOO,2025-06-17,4753300
VOO,2025-06-18,4602300
VOO,2025-06-20,9978500
VOO,2025-06-23,9820200
VOO,2025-06-24,6770000
VOO,2025-06-25,16472300
VOO,2025-06-26,6081400
VOO,2025-06-27,6056500
VOO,2025-06-30,5750600
VOO,2025-07-01,7412700
VOO,2025-07-02,6164000
VOO,2025-07-03,4837000
VOO,2025-07-07,6417800
VOO,2025-07-08,6944600
VOO,2025-07-09,7156500
VOO,2025-07-10,4961700
VOO,2025-07-11,4428900
VOO,2025-07-14,4747000
VOO,2025-07-15,5399000
VOO,2025-07-16,6141200
VOO,2025-07-17,6495300
VOO,2025-07-18,4262400
VOO,2025-07-21,5913800
VOO,2025-07-22,4767700
VOO,2025-07-23,4257300
VOO,2025-07-24,3840900
VOO,2025-07-25,4210100
VOO,2025-07-28,4193100
VOO,2025-07-29,5053400
VOO,2025-07-30,6974700
VOO,2025-07-31,7046800
VOO,2025-08-01,8781300
VOO,2025-08-04,6640100
VOO,2025-08-05,4647400
VOO,2025-08-06,4545000
VOO,2025-08-07,4594300
VOO,2025-08-08,4342300
VOO,2025-08-11,5373900
VOO,2025-08-12,5851900
VOO,2025-08-13,5393000
VOO,2025-08-14,6236700
VOO,2025-08-15,7196300
VOO,2025-08-18,5311700
VOO,2025-08-19,6739300
VOO,2025-08-20,7113600
VOO,2025-08-21,4807300
VOO,2025-08-22,6389300
VOO,2025-08-25,6483000
VOO,2025-08-26,4776600
VOO,2025-08-27,6171400
VOO,2025-08-28,5058700
VOO,2025-08-29,7512000
VOO,2025-09-02,11116700
VOO,2025-09-03,8205900
VOO,2025-09-04,8045600
VOO,2025-09-05,6641500
VOO,2025-09-08,9472200
VOO,2025-09-09,7844800
VOO,2025-09-10,21641100
VOO,2025-09-11,9109700
VOO,2025-09-12,8130500
VOO,2025-09-15,7710700
VOO,2025-09-16,6393200
VOO,2025-09-17,11613600
VOO,2025-09-18,11057500
VOO,2025-09-19,6065700
VOO,2025-09-22,11583800
VOO,2025-09-23,10753000
VOO,2025-09-24,23787300
VOO,2025-09-25,6965700
VOO,2025-09-26,6438600
VOO,2025-09-29,5658800
VOO,2025-09-30,6515700
VOO,2025-10-01,10020000
VOO,2025-10-02,7139500
VOO,2025-10-03,7210700
VOO,2025-10-06,6056400
VOO,2025-10-07,7466300
VOO,2025-10-08,5035200
VOO,2025-10-09,5898500
VOO,2025-10-10,13664200
VOO,2025-10-13,6968400
VOO,2025-10-14,7493500
VOO,2025-10-15,6504900
VOO,2025-10-16,7594800
VOO,2025-10-17,6911000
VOO,2025-10-20,4086200
VOO,2025-10-21,4216200
VOO,2025-10-22,6961600
VOO,2025-10-23,5851800
VOO,2025-10-24,5694900
VOO,2025-10-27,7804300
VOO,2025-10-28,5625600
VOO,2025-10-29,6104500
VOO,2025-10-30,6243300
VOO,2025-10-31,7058600
VOO,2025-11-03,5568100
VOO,2025-11-04,8390500
VOO,2025-11-05,10323100
VOO,2025-11-06,7099400
VOO,2025-11-07,7571300
VOO,2025-11-10,8425000
VOO,2025-11-11,5639200
VOO,2025-11-12,6090200
VOO,2025-11-13,13065800
VOO,2025-11-14,9681700
VOO,2025-11-17,8902500
VOO,2025-11-18,8542600
VOO,2025-11-19,7449400
VOO,2025-11-20,13985000
VOO,2025-11-21,9821400
VOO,2025-11-24,6242700
VOO,2025-11-25,7389500
VOO,2025-11-26,5323200
VOO,2025-11-28,2953200
VOO,2025-12-01,9191600
VOO,2025-12-02,5280600
VOO,2025-12-03,6338400
VOO,2025-12-04,5147700
VOO,2025-12-05,5693100
VOO,2025-12-08,6876700
VOO,2025-12-09,12849000
VOO,2025-12-10,22457400
VOO,2025-12-11,33921000
VOO,2025-12-12,8534700
VOO,2025-12-15,11337200
VOO,2025-12-16,15819600
VOO,2025-12-17,21356900
VOO,2025-12-18,37062400
VOO,2025-12-19,10487000
VOO,2025-12-22,9850100
VOO,2025-12-23,13798500
VOO,2025-12-24,3275200
VOO,2025-12-26,3852100
VOO,2025-12-29,6579400
VOO,2025-12-30,4180400
VOO,2025-12-31,5556800
VOO,2026-01-02,11337000
VOO,2026-01-05,16175600
VOO,2026-01-06,8672000
VOO,2026-01-07,8820100
VOO,2026-01-08,9017400
VOO,2026-01-09,7864100
VOO,2026-01-12,7929800
VOO,2026-01-13,8860000
VOO,2026-01-14,8683400
VOO,2026-01-15,6937000
VOO,2026-01-16,6733700
VOO,2026-01-20,14877600
VOO,2026-01-21,10403800
VOO,2026-01-22,6085500
VOO,2026-01-23,5850400
VOO,2026-01-26,9007400
VOO,2026-01-27,4339600
VOO,2026-01-28,5568700
VOO,2026-01-29,8697200
VOO,2026-01-30,6562300
VOO,2026-02-02,9490300
VOO,2026-02-03,9702800
VOO,2026-02-04,11322000
VOO,2026-02-05,11714700
VOO,2026-02-06,12987900
VOO,2026-02-09,8908500
VOO,2026-02-10,13645300
VOO,2026-02-11,5345000
VOO,2026-02-12,8951100
VOO,2026-02-13,9312800
VOO,2026-02-17,8718600
VOO,2026-02-18,9509200
VOO,2026-02-19,5212400
VOO,2026-02-20,7482000
VOO,2026-02-23,10868700
VOO,2026-02-24,6930300
VOO,2026-02-25,12135200
VOO,2026-02-26,9497700
VOO,2026-02-27,10471100
VOO,2026-03-02,9211400
VOO,2026-03-03,18493400
VOO,2026-03-04,13489800
VOO,2026-03-05,12198800
VOO,2026-03-06,9739200
VOO,2026-03-09,13929200
VOO,2026-03-10,15570400
VOO,2026-03-11,6433300
VOO,2026-03-12,15487600
VOO,2026-03-13,25527500
VOO,2026-03-16,8303200
VOO,2026-03-17,9941800
VOO,2026-03-18,14276900
VOO,2026-03-19,10271900
VOO,2026-03-20,17685700
VOO,2026-03-23,24014300
VOO,2026-03-24,18363300
VOO,2026-03-25,23288300
VOO,2026-03-26,7712600
VOO,2026-03-27,11656400
AAPL,2021-03-29,80819200
AAPL,2021-03-30,85671900
AAPL,2021-03-31,118323800
AAPL,2021-04-01,75089100
AAPL,2021-04-05,88651200
AAPL,2021-04-06,80171300
AAPL,2021-04-07,83466700
AAPL,2021-04-08,88844600
AAPL,2021-04-09,106686700
AAPL,2021-04-12,91420000
AAPL,2021-04-13,91266500
AAPL,2021-04-14,87222800
AAPL,2021-04-15,89347100
AAPL,2021-04-16,84922400
AAPL,2021-04-19,94264200
AAPL,2021-04-20,94812300
AAPL,2021-04-21,68847100
AAPL,2021-04-22,84566500
AAPL,2021-04-23,78657500
AAPL,2021-04-26,66905100
AAPL,2021-04-27,66015800
AAPL,2021-04-28,107760100
AAPL,2021-04-29,151101000
AAPL,2021-04-30,109839500
AAPL,2021-05-03,75135100
AAPL,2021-05-04,137564700
AAPL,2021-05-05,84000900
AAPL,2021-05-06,78128300
AAPL,2021-05-07,78973300
AAPL,2021-05-10,88071200
AAPL,2021-05-11,126142800
AAPL,2021-05-12,112172300
AAPL,2021-05-13,105861300
AAPL,2021-05-14,81918000
AAPL,2021-05-17,74244600
AAPL,2021-05-18,63342900
AAPL,2021-05-19,92612000
AAPL,2021-05-20,76857100
AAPL,2021-05-21,79295400
AAPL,2021-05-24,63092900
AAPL,2021-05-25,72009500
AAPL,2021-05-26,56575900
AAPL,2021-05-27,94625600
AAPL,2021-05-28,71311100
AAPL,2021-06-01,67637100
AAPL,2021-06-02,59278900
AAPL,2021-06-03,76229200
AAPL,2021-06-04,75169300
AAPL,2021-06-07,71057600
AAPL,2021-06-08,74403800
AAPL,2021-06-09,56877900
AAPL,2021-06-10,71186400
AAPL,2021-06-11,53522400
AAPL,2021-06-14,96906500
AAPL,2021-06-15,62746300
AAPL,2021-06-16,91815000
AAPL,2021-06-17,96721700
AAPL,2021-06-18,108953300
AAPL,2021-06-21,79663300
AAPL,2021-06-22,74783600
AAPL,2021-06-23,60214200
AAPL,2021-06-24,68711000
AAPL,2021-06-25,70783700
AAPL,2021-06-28,62111300
AAPL,2021-06-29,64556100
AAPL,2021-06-30,63261400
AAPL,2021-07-01,52485800
AAPL,2021-07-02,78852600
AAPL,2021-07-06,108181800
AAPL,2021-07-07,104911600
AAPL,2021-07-08,105575500
AAPL,2021-07-09,99890800
AAPL,2021-07-12,76299700
AAPL,2021-07-13,100827100
AAPL,2021-07-14,127050800
AAPL,2021-07-15,106820300
AAPL,2021-07-16,93251400
AAPL,2021-07-19,121434600
AAPL,2021-07-20,96350000
AAPL,2021-07-21,74993500
AAPL,2021-07-22,77338200
AAPL,2021-07-23,71447400
AAPL,2021-07-26,72434100
AAPL,2021-07-27,104818600
AAPL,2021-07-28,118931200
AAPL,2021-07-29,56699500
AAPL,2021-07-30,70440600
AAPL,2021-08-02,62880000
AAPL,2021-08-03,64786600
AAPL,2021-08-04,56368300
AAPL,2021-08-05,46397700
AAPL,2021-08-06,54126800
AAPL,2021-08-09,48908700
AAPL,2021-08-10,69023100
AAPL,2021-08-11,48493500
AAPL,2021-08-12,72282600
AAPL,2021-08-13,59375000
AAPL,2021-08-16,103296000
AAPL,2021-08-17,92229700
AAPL,2021-08-18,86326000
AAPL,2021-08-19,86960300
AAPL,2021-08-20,60549600
AAPL,2021-08-23,60131800
AAPL,2021-08-24,48606400
AAPL,2021-08-25,58991300
AAPL,2021-08-26,48597200
AAPL,2021-08-27,55802400
AAPL,2021-08-30,90956700
AAPL,2021-08-31,86453100
AAPL,2021-09-01,80313700
AAPL,2021-09-02,71115500
AAPL,2021-09-03,57808700
AAPL,2021-09-07,82278300
AAPL,2021-09-08,74420200
AAPL,2021-09-09,57305700
AAPL,2021-09-10,140893200
AAPL,2021-09-13,102404300
AAPL,2021-09-14,109296300
AAPL,2021-09-15,83281300
AAPL,2021-09-16,68034100
AAPL,2021-09-17,129868800
AAPL,2021-09-20,123478900
AAPL,2021-09-21,75834000
AAPL,2021-09-22,76404300
AAPL,2021-09-23,64838200
AAPL,2021-09-24,53477900
AAPL,2021-09-27,74150700
AAPL,2021-09-28,108972300
AAPL,2021-09-29,74602000
AAPL,2021-09-30,89056700
AAPL,2021-10-01,94639600
AAPL,2021-10-04,98322000
AAPL,2021-10-05,80861100
AAPL,2021-10-06,83221100
AAPL,2021-10-07,61732700
AAPL,2021-10-08,58773200
AAPL,2021-10-11,64452200
AAPL,2021-10-12,73035900
AAPL,2021-10-13,78762700
AAPL,2021-10-14,69907100
AAPL,2021-10-15,67940300
AAPL,2021-10-18,85589200
AAPL,2021-10-19,76378900
AAPL,2021-10-20,58418800
AAPL,2021-10-21,61421000
AAPL,2021-10-22,58883400
AAPL,2021-10-25,50720600
AAPL,2021-10-26,60893400
AAPL,2021-10-27,56094900
AAPL,2021-10-28,100077900
AAPL,2021-10-29,124953200
AAPL,2021-11-01,74588300
AAPL,2021-11-02,69122000
AAPL,2021-11-03,54511500
AAPL,2021-11-04,60394600
AAPL,2021-11-05,65463900
AAPL,2021-11-08,55020900
AAPL,2021-11-09,56787900
AAPL,2021-11-10,65187100
AAPL,2021-11-11,41000000
AAPL,2021-11-12,63804000
AAPL,2021-11-15,59222800
AAPL,2021-11-16,59256200
AAPL,2021-11-17,88807000
AAPL,2021-11-18,137827700
AAPL,2021-11-19,117305600
AAPL,2021-11-22,117467900
AAPL,2021-11-23,96041900
AAPL,2021-11-24,69463600
AAPL,2021-11-26,76959800
AAPL,2021-11-29,88748200
AAPL,2021-11-30,174048100
AAPL,2021-12-01,152052500
AAPL,2021-12-02,136739200
AAPL,2021-12-03,118023100
AAPL,2021-12-06,107497000
AAPL,2021-12-07,120405400
AAPL,2021-12-08,116998900
AAPL,2021-12-09,108923700
AAPL,2021-12-10,115402700
AAPL,2021-12-13,153237000
AAPL,2021-12-14,139380400
AAPL,2021-12-15,131063300
AAPL,2021-12-16,150185800
AAPL,2021-12-17,195432700
AAPL,2021-12-20,107499100
AAPL,2021-12-21,91185900
AAPL,2021-12-22,92135300
AAPL,2021-12-23,68356600
AAPL,2021-12-27,74919600
AAPL,2021-12-28,79144300
AAPL,2021-12-29,62348900
AAPL,2021-12-30,59773000
AAPL,2021-12-31,64062300
AAPL,2022-01-03,104487900
AAPL,2022-01-04,99310400
AAPL,2022-01-05,94537600
AAPL,2022-01-06,96904000
AAPL,2022-01-07,86709100
AAPL,2022-01-10,106765600
AAPL,2022-01-11,76138300
AAPL,2022-01-12,74805200
AAPL,2022-01-13,84505800
AAPL,2022-01-14,80440800
AAPL,2022-01-18,90956700
AAPL,2022-01-19,94815000
AAPL,2022-01-20,91420500
AAPL,2022-01-21,122848900
AAPL,2022-01-24,162294600
AAPL,2022-01-25,115798400
AAPL,2022-01-26,108275300
AAPL,2022-01-27,121954600
AAPL,2022-01-28,179935700
AAPL,2022-01-31,115541600
AAPL,2022-02-01,86213900
AAPL,2022-02-02,84914300
AAPL,2022-02-03,89418100
AAPL,2022-02-04,82465400
AAPL,2022-02-07,77251200
AAPL,2022-02-08,74829200
AAPL,2022-02-09,71285000
AAPL,2022-02-10,90865900
AAPL,2022-02-11,98670700
AAPL,2022-02-14,86185500
AAPL,2022-02-15,62527400
AAPL,2022-02-16,61177400
AAPL,2022-02-17,69589300
AAPL,2022-02-18,82772700
AAPL,2022-02-22,91162800
AAPL,2022-02-23,90009200
AAPL,2022-02-24,141147500
AAPL,2022-02-25,91974200
AAPL,2022-02-28,95056600
AAPL,2022-03-01,83474400
AAPL,2022-03-02,79724800
AAPL,2022-03-03,76678400
AAPL,2022-03-04,83737200
AAPL,2022-03-07,96418800
AAPL,2022-03-08,131148300
AAPL,2022-03-09,91454900
AAPL,2022-03-10,105342000
AAPL,2022-03-11,96970100
AAPL,2022-03-14,108732100
AAPL,2022-03-15,92964300
AAPL,2022-03-16,102300200
AAPL,2022-03-17,75615400
AAPL,2022-03-18,123511700
AAPL,2022-03-21,95811400
AAPL,2022-03-22,81532000
AAPL,2022-03-23,98062700
AAPL,2022-03-24,90131400
AAPL,2022-03-25,80546200
AAPL,2022-03-28,90371900
AAPL,2022-03-29,100589400
AAPL,2022-03-30,92633200
AAPL,2022-03-31,103049300
AAPL,2022-04-01,78751300
AAPL,2022-04-04,76468400
AAPL,2022-04-05,73401800
AAPL,2022-04-06,89058800
AAPL,2022-04-07,77594700
AAPL,2022-04-08,76575500
AAPL,2022-04-11,72246700
AAPL,2022-04-12,79265200
AAPL,2022-04-13,70618900
AAPL,2022-04-14,75329400
AAPL,2022-04-18,69023900
AAPL,2022-04-19,67723800
AAPL,2022-04-20,67929800
AAPL,2022-04-21,87227800
AAPL,2022-04-22,84882400
AAPL,2022-04-25,96046400
AAPL,2022-04-26,95623200
AAPL,2022-04-27,88063200
AAPL,2022-04-28,130216800
AAPL,2022-04-29,131747600
AAPL,2022-05-02,123055300
AAPL,2022-05-03,88966500
AAPL,2022-05-04,108256500
AAPL,2022-05-05,130525300
AAPL,2022-05-06,116124600
AAPL,2022-05-09,131577900
AAPL,2022-05-10,115366700
AAPL,2022-05-11,142689800
AAPL,2022-05-12,182602000
AAPL,2022-05-13,113990900
AAPL,2022-05-16,86643800
AAPL,2022-05-17,78336300
AAPL,2022-05-18,109742900
AAPL,2022-05-19,136095600
AAPL,2022-05-20,137426100
AAPL,2022-05-23,117726300
AAPL,2022-05-24,104132700
AAPL,2022-05-25,92482700
AAPL,2022-05-26,90601500
AAPL,2022-05-27,90978500
AAPL,2022-05-31,103718400
AAPL,2022-06-01,74286600
AAPL,2022-06-02,72348100
AAPL,2022-06-03,88570300
AAPL,2022-06-06,71598400
AAPL,2022-06-07,67808200
AAPL,2022-06-08,53950200
AAPL,2022-06-09,69473000
AAPL,2022-06-10,91437900
AAPL,2022-06-13,122207100
AAPL,2022-06-14,84784300
AAPL,2022-06-15,91533000
AAPL,2022-06-16,108123900
AAPL,2022-06-17,134520300
AAPL,2022-06-21,81000500
AAPL,2022-06-22,73409200
AAPL,2022-06-23,72433800
AAPL,2022-06-24,89116800
AAPL,2022-06-27,70207900
AAPL,2022-06-28,67083400
AAPL,2022-06-29,66242400
AAPL,2022-06-30,98964500
AAPL,2022-07-01,71051600
AAPL,2022-07-05,73353800
AAPL,2022-07-06,74064300
AAPL,2022-07-07,66253700
AAPL,2022-07-08,64547800
AAPL,2022-07-11,63141600
AAPL,2022-07-12,77588800
AAPL,2022-07-13,71185600
AAPL,2022-07-14,78140700
AAPL,2022-07-15,76259900
AAPL,2022-07-18,81420900
AAPL,2022-07-19,82982400
AAPL,2022-07-20,64823400
AAPL,2022-07-21,65086600
AAPL,2022-07-22,66675400
AAPL,2022-07-25,53623900
AAPL,2022-07-26,55138700
AAPL,2022-07-27,78620700
AAPL,2022-07-28,81378700
AAPL,2022-07-29,101786900
AAPL,2022-08-01,67829400
AAPL,2022-08-02,59907000
AAPL,2022-08-03,82507500
AAPL,2022-08-04,55474100
AAPL,2022-08-05,56697000
AAPL,2022-08-08,60276900
AAPL,2022-08-09,63135500
AAPL,2022-08-10,70170500
AAPL,2022-08-11,57149200
AAPL,2022-08-12,68039400
AAPL,2022-08-15,54091700
AAPL,2022-08-16,56377100
AAPL,2022-08-17,79542000
AAPL,2022-08-18,62290100
AAPL,2022-08-19,70346300
AAPL,2022-08-22,69026800
AAPL,2022-08-23,54147100
AAPL,2022-08-24,53841500
AAPL,2022-08-25,51218200
AAPL,2022-08-26,78961000
AAPL,2022-08-29,73314000
AAPL,2022-08-30,77906200
AAPL,2022-08-31,87991100
AAPL,2022-09-01,74229900
AAPL,2022-09-02,76957800
AAPL,2022-09-06,73714800
AAPL,2022-09-07,87449600
AAPL,2022-09-08,84923800
AAPL,2022-09-09,68028800
AAPL,2022-09-12,104956000
AAPL,2022-09-13,122656600
AAPL,2022-09-14,87965400
AAPL,2022-09-15,90481100
AAPL,2022-09-16,162278800
AAPL,2022-09-19,81474200
AAPL,2022-09-20,107689800
AAPL,2022-09-21,101696800
AAPL,2022-09-22,86652500
AAPL,2022-09-23,96029900
AAPL,2022-09-26,93339400
AAPL,2022-09-27,84442700
AAPL,2022-09-28,146691400
AAPL,2022-09-29,128138200
AAPL,2022-09-30,124925300
AAPL,2022-10-03,114311700
AAPL,2022-10-04,87830100
AAPL,2022-10-05,79471000
AAPL,2022-10-06,68402200
AAPL,2022-10-07,85925600
AAPL,2022-10-10,74899000
AAPL,2022-10-11,77033700
AAPL,2022-10-12,70433700
AAPL,2022-10-13,113224000
AAPL,2022-10-14,88598000
AAPL,2022-10-17,85250900
AAPL,2022-10-18,99136600
AAPL,2022-10-19,61758300
AAPL,2022-10-20,64522000
AAPL,2022-10-21,86548600
AAPL,2022-10-24,75981900
AAPL,2022-10-25,74732300
AAPL,2022-10-26,88194300
AAPL,2022-10-27,109180200
AAPL,2022-10-28,164762400
AAPL,2022-10-31,97943200
AAPL,2022-11-01,80379300
AAPL,2022-11-02,93604600
AAPL,2022-11-03,97918500
AAPL,2022-11-04,140814800
AAPL,2022-11-07,83374600
AAPL,2022-11-08,89908500
AAPL,2022-11-09,74917800
AAPL,2022-11-10,118854000
AAPL,2022-11-11,93979700
AAPL,2022-11-14,73374100
AAPL,2022-11-15,89868300
AAPL,2022-11-16,64218300
AAPL,2022-11-17,80389400
AAPL,2022-11-18,74829600
AAPL,2022-11-21,58724100
AAPL,2022-11-22,51804100
AAPL,2022-11-23,58301400
AAPL,2022-11-25,35195900
AAPL,2022-11-28,69246000
AAPL,2022-11-29,83763800
AAPL,2022-11-30,111380900
AAPL,2022-12-01,71250400
AAPL,2022-12-02,65447400
AAPL,2022-12-05,68826400
AAPL,2022-12-06,64727200
AAPL,2022-12-07,69721100
AAPL,2022-12-08,62128300
AAPL,2022-12-09,76097000
AAPL,2022-12-12,70462700
AAPL,2022-12-13,93886200
AAPL,2022-12-14,82291200
AAPL,2022-12-15,98931900
AAPL,2022-12-16,160156900
AAPL,2022-12-19,79592600
AAPL,2022-12-20,77432800
AAPL,2022-12-21,85928000
AAPL,2022-12-22,77852100
AAPL,2022-12-23,63814900
AAPL,2022-12-27,69007800
AAPL,2022-12-28,85438400
AAPL,2022-12-29,75703700
AAPL,2022-12-30,77034200
AAPL,2023-01-03,112117500
AAPL,2023-01-04,89113600
AAPL,2023-01-05,80962700
AAPL,2023-01-06,87754700
AAPL,2023-01-09,70790800
AAPL,2023-01-10,63896200
AAPL,2023-01-11,69458900
AAPL,2023-01-12,71379600
AAPL,2023-01-13,57809700
AAPL,2023-01-17,63646600
AAPL,2023-01-18,69672800
AAPL,2023-01-19,58280400
AAPL,2023-01-20,80223600
AAPL,2023-01-23,81760300
AAPL,2023-01-24,66435100
AAPL,2023-01-25,65799300
AAPL,2023-01-26,54105100
AAPL,2023-01-27,70555800
AAPL,2023-01-30,64015300
AAPL,2023-01-31,65874500
AAPL,2023-02-01,77663600
AAPL,2023-02-02,118339000
AAPL,2023-02-03,154357300
AAPL,2023-02-06,69858300
AAPL,2023-02-07,83322600
AAPL,2023-02-08,64120100
AAPL,2023-02-09,56007100
AAPL,2023-02-10,57450700
AAPL,2023-02-13,62199000
AAPL,2023-02-14,61707600
AAPL,2023-02-15,65573800
AAPL,2023-02-16,68167900
AAPL,2023-02-17,59144100
AAPL,2023-02-21,58867200
AAPL,2023-02-22,51011300
AAPL,2023-02-23,48394200
AAPL,2023-02-24,55469600
AAPL,2023-02-27,44998500
AAPL,2023-02-28,50547000
AAPL,2023-03-01,55479000
AAPL,2023-03-02,52238100
AAPL,2023-03-03,70732300
AAPL,2023-03-06,87558000
AAPL,2023-03-07,56182000
AAPL,2023-03-08,47204800
AAPL,2023-03-09,53833600
AAPL,2023-03-10,68572400
AAPL,2023-03-13,84457100
AAPL,2023-03-14,73695900
AAPL,2023-03-15,77167900
AAPL,2023-03-16,76161100
AAPL,2023-03-17,98944600
AAPL,2023-03-20,73641400
AAPL,2023-03-21,73938300
AAPL,2023-03-22,75701800
AAPL,2023-03-23,67622100
AAPL,2023-03-24,59196500
AAPL,2023-03-27,52390300
AAPL,2023-03-28,45992200
AAPL,2023-03-29,51305700
AAPL,2023-03-30,49501700
AAPL,2023-03-31,68749800
AAPL,2023-04-03,56976200
AAPL,2023-04-04,46278300
AAPL,2023-04-05,51511700
AAPL,2023-04-06,45390100
AAPL,2023-04-10,47716900
AAPL,2023-04-11,47644200
AAPL,2023-04-12,50133100
AAPL,2023-04-13,68445600
AAPL,2023-04-14,49386500
AAPL,2023-04-17,41516200
AAPL,2023-04-18,49923000
AAPL,2023-04-19,47720200
AAPL,2023-04-20,52456400
AAPL,2023-04-21,58337300
AAPL,2023-04-24,41949600
AAPL,2023-04-25,48714100
AAPL,2023-04-26,45498800
AAPL,2023-04-27,64902300
AAPL,2023-04-28,55275900
AAPL,2023-05-01,52472900
AAPL,2023-05-02,48425700
AAPL,2023-05-03,65136000
AAPL,2023-05-04,81235400
AAPL,2023-05-05,113453200
AAPL,2023-05-08,55962800
AAPL,2023-05-09,45326900
AAPL,2023-05-10,53724500
AAPL,2023-05-11,49514700
AAPL,2023-05-12,45533100
AAPL,2023-05-15,37266700
AAPL,2023-05-16,42110300
AAPL,2023-05-17,57951600
AAPL,2023-05-18,65496700
AAPL,2023-05-19,55809500
AAPL,2023-05-22,43570900
AAPL,2023-05-23,50747300
AAPL,2023-05-24,45143500
AAPL,2023-05-25,56058300
AAPL,2023-05-26,54835000
AAPL,2023-05-30,55964400
AAPL,2023-05-31,99625300
AAPL,2023-06-01,68901800
AAPL,2023-06-02,61996900
AAPL,2023-06-05,121946500
AAPL,2023-06-06,64848400
AAPL,2023-06-07,61944600
AAPL,2023-06-08,50214900
AAPL,2023-06-09,48900000
AAPL,2023-06-12,54274900
AAPL,2023-06-13,54929100
AAPL,2023-06-14,57462900
AAPL,2023-06-15,65433200
AAPL,2023-06-16,101256200
AAPL,2023-06-20,49799100
AAPL,2023-06-21,49515700
AAPL,2023-06-22,51245300
AAPL,2023-06-23,53117000
AAPL,2023-06-26,48088700
AAPL,2023-06-27,50730800
AAPL,2023-06-28,51216800
AAPL,2023-06-29,46347300
AAPL,2023-06-30,85213200
AAPL,2023-07-03,31458200
AAPL,2023-07-05,46920300
AAPL,2023-07-06,45094300
AAPL,2023-07-07,46815000
AAPL,2023-07-10,59922200
AAPL,2023-07-11,46638100
AAPL,2023-07-12,60750200
AAPL,2023-07-13,41342300
AAPL,2023-07-14,41616200
AAPL,2023-07-17,50520200
AAPL,2023-07-18,48288200
AAPL,2023-07-19,80507300
AAPL,2023-07-20,59581200
AAPL,2023-07-21,71951700
AAPL,2023-07-24,45377800
AAPL,2023-07-25,37283200
AAPL,2023-07-26,47471900
AAPL,2023-07-27,47460200
AAPL,2023-07-28,48291400
AAPL,2023-07-31,38824100
AAPL,2023-08-01,35175100
AAPL,2023-08-02,50389300
AAPL,2023-08-03,61235200
AAPL,2023-08-04,115956800
AAPL,2023-08-07,97576100
AAPL,2023-08-08,67823000
AAPL,2023-08-09,60378500
AAPL,2023-08-10,54686900
AAPL,2023-08-11,52036700
AAPL,2023-08-14,43675600
AAPL,2023-08-15,43622600
AAPL,2023-08-16,46964900
AAPL,2023-08-17,66062900
AAPL,2023-08-18,61172200
AAPL,2023-08-21,46311900
AAPL,2023-08-22,42038900
AAPL,2023-08-23,52722800
AAPL,2023-08-24,54945800
AAPL,2023-08-25,51449600
AAPL,2023-08-28,43820700
AAPL,2023-08-29,53003900
AAPL,2023-08-30,60813900
AAPL,2023-08-31,60794500
AAPL,2023-09-01,45766500
AAPL,2023-09-05,45280000
AAPL,2023-09-06,81755800
AAPL,2023-09-07,112488800
AAPL,2023-09-08,65551300
AAPL,2023-09-11,58953100
AAPL,2023-09-12,90370200
AAPL,2023-09-13,84267900
AAPL,2023-09-14,60895800
AAPL,2023-09-15,109259500
AAPL,2023-09-18,67257600
AAPL,2023-09-19,51826900
AAPL,2023-09-20,58436200
AAPL,2023-09-21,63149100
AAPL,2023-09-22,56725400
AAPL,2023-09-25,46172700
AAPL,2023-09-26,64588900
AAPL,2023-09-27,66921800
AAPL,2023-09-28,56294400
AAPL,2023-09-29,51861100
AAPL,2023-10-02,52164500
AAPL,2023-10-03,49594600
AAPL,2023-10-04,53020300
AAPL,2023-10-05,48527900
AAPL,2023-10-06,57266700
AAPL,2023-10-09,42390800
AAPL,2023-10-10,43698000
AAPL,2023-10-11,47551100
AAPL,2023-10-12,56743100
AAPL,2023-10-13,51427100
AAPL,2023-10-16,52517000
AAPL,2023-10-17,57549400
AAPL,2023-10-18,54764400
AAPL,2023-10-19,59302900
AAPL,2023-10-20,64244000
AAPL,2023-10-23,55980100
AAPL,2023-10-24,43816600
AAPL,2023-10-25,57157000
AAPL,2023-10-26,70625300
AAPL,2023-10-27,58499100
AAPL,2023-10-30,51131000
AAPL,2023-10-31,44846000
AAPL,2023-11-01,56934900
AAPL,2023-11-02,77334800
AAPL,2023-11-03,79829200
AAPL,2023-11-06,63841300
AAPL,2023-11-07,70530000
AAPL,2023-11-08,49340300
AAPL,2023-11-09,53763500
AAPL,2023-11-10,66133400
AAPL,2023-11-13,43627500
AAPL,2023-11-14,60108400
AAPL,2023-11-15,53790500
AAPL,2023-11-16,54412900
AAPL,2023-11-17,50922700
AAPL,2023-11-20,46505100
AAPL,2023-11-21,38134500
AAPL,2023-11-22,39617700
AAPL,2023-11-24,24048300
AAPL,2023-11-27,40552600
AAPL,2023-11-28,38415400
AAPL,2023-11-29,43014200
AAPL,2023-11-30,48794400
AAPL,2023-12-01,45704800
AAPL,2023-12-04,43389500
AAPL,2023-12-05,66628400
AAPL,2023-12-06,41089700
AAPL,2023-12-07,47477700
AAPL,2023-12-08,53406400
AAPL,2023-12-11,60943700
AAPL,2023-12-12,52696900
AAPL,2023-12-13,70404200
AAPL,2023-12-14,66831600
AAPL,2023-12-15,128538400
AAPL,2023-12-18,55751900
AAPL,2023-12-19,40714100
AAPL,2023-12-20,52242800
AAPL,2023-12-21,46482500
AAPL,2023-12-22,37149600
AAPL,2023-12-26,28919300
AAPL,2023-12-27,48087700
AAPL,2023-12-28,34049900
AAPL,2023-12-29,42672100
AAPL,2024-01-02,82488700
AAPL,2024-01-03,58414500
AAPL,2024-01-04,71983600
AAPL,2024-01-05,62379700
AAPL,2024-01-08,59144500
AAPL,2024-01-09,42841800
AAPL,2024-01-10,46792900
AAPL,2024-01-11,49128400
AAPL,2024-01-12,40477800
AAPL,2024-01-16,65603000
AAPL,2024-01-17,47317400
AAPL,2024-01-18,78005800
AAPL,2024-01-19,68903000
AAPL,2024-01-22,60133900
AAPL,2024-01-23,42355600
AAPL,2024-01-24,53631300
AAPL,2024-01-25,54822100
AAPL,2024-01-26,44594000
AAPL,2024-01-29,47145600
AAPL,2024-01-30,55859400
AAPL,2024-01-31,55467800
AAPL,2024-02-01,64885400
AAPL,2024-02-02,102551700
AAPL,2024-02-05,69668800
AAPL,2024-02-06,43490800
AAPL,2024-02-07,53439000
AAPL,2024-02-08,40962000
AAPL,2024-02-09,45155200
AAPL,2024-02-12,41781900
AAPL,2024-02-13,56529500
AAPL,2024-02-14,54630500
AAPL,2024-02-15,65434500
AAPL,2024-02-16,49752500
AAPL,2024-02-20,53665600
AAPL,2024-02-21,41371400
AAPL,2024-02-22,52292200
AAPL,2024-02-23,45119700
AAPL,2024-02-26,40867400
AAPL,2024-02-27,54318900
AAPL,2024-02-28,48953900
AAPL,2024-02-29,136682600
AAPL,2024-03-01,73563100
AAPL,2024-03-04,81510100
AAPL,2024-03-05,95132400
AAPL,2024-03-06,68587700
AAPL,2024-03-07,71765100
AAPL,2024-03-08,76267000
AAPL,2024-03-11,60139500
AAPL,2024-03-12,59825400
AAPL,2024-03-13,52488700
AAPL,2024-03-14,72913500
AAPL,2024-03-15,121752700
AAPL,2024-03-18,75604200
AAPL,2024-03-19,55215200
AAPL,2024-03-20,53423100
AAPL,2024-03-21,106181300
AAPL,2024-03-22,71160100
AAPL,2024-03-25,54288300
AAPL,2024-03-26,57388400
AAPL,2024-03-27,60273300
AAPL,2024-03-28,65672700
AAPL,2024-04-01,46240500
AAPL,2024-04-02,49329500
AAPL,2024-04-03,47691700
AAPL,2024-04-04,53704400
AAPL,2024-04-05,42104800
AAPL,2024-04-08,37425500
AAPL,2024-04-09,42373800
AAPL,2024-04-10,49709300
AAPL,2024-04-11,91070300
AAPL,2024-04-12,101670900
AAPL,2024-04-15,73531800
AAPL,2024-04-16,73711200
AAPL,2024-04-17,50901200
AAPL,2024-04-18,43122900
AAPL,2024-04-19,68149400
AAPL,2024-04-22,48116400
AAPL,2024-04-23,49537800
AAPL,2024-04-24,48251800
AAPL,2024-04-25,50558300
AAPL,2024-04-26,44838400
AAPL,2024-04-29,68169400
AAPL,2024-04-30,65934800
AAPL,2024-05-01,50383100
AAPL,2024-05-02,94214900
AAPL,2024-05-03,163224100
AAPL,2024-05-06,78569700
AAPL,2024-05-07,77305800
AAPL,2024-05-08,45057100
AAPL,2024-05-09,48983000
AAPL,2024-05-10,50759500
AAPL,2024-05-13,72044800
AAPL,2024-05-14,52393600
AAPL,2024-05-15,70400000
AAPL,2024-05-16,52845200
AAPL,2024-05-17,41282900
AAPL,2024-05-20,44361300
AAPL,2024-05-21,42309400
AAPL,2024-05-22,34648500
AAPL,2024-05-23,51005900
AAPL,2024-05-24,36327000
AAPL,2024-05-28,52280100
AAPL,2024-05-29,53068000
AAPL,2024-05-30,49889100
AAPL,2024-05-31,75158300
AAPL,2024-06-03,50080500
AAPL,2024-06-04,47471400
AAPL,2024-06-05,54156800
AAPL,2024-06-06,41181800
AAPL,2024-06-07,53103900
AAPL,2024-06-10,97010200
AAPL,2024-06-11,172373300
AAPL,2024-06-12,198134300
AAPL,2024-06-13,97862700
AAPL,2024-06-14,70122700
AAPL,2024-06-17,93728300
AAPL,2024-06-18,79943300
AAPL,2024-06-20,86172500
AAPL,2024-06-21,241805100
AAPL,2024-06-24,80727000
AAPL,2024-06-25,55549700
AAPL,2024-06-26,66213200
AAPL,2024-06-27,49772700
AAPL,2024-06-28,82542700
AAPL,2024-07-01,60402900
AAPL,2024-07-02,58046200
AAPL,2024-07-03,37369800
AAPL,2024-07-05,60412400
AAPL,2024-07-08,59085900
AAPL,2024-07-09,48076100
AAPL,2024-07-10,62627700
AAPL,2024-07-11,64710600
AAPL,2024-07-12,53046500
AAPL,2024-07-15,62631300
AAPL,2024-07-16,43234300
AAPL,2024-07-17,57345900
AAPL,2024-07-18,66034600
AAPL,2024-07-19,49151500
AAPL,2024-07-22,48201800
AAPL,2024-07-23,39960300
AAPL,2024-07-24,61777600
AAPL,2024-07-25,51391200
AAPL,2024-07-26,41601300
AAPL,2024-07-29,36311800
AAPL,2024-07-30,41643800
AAPL,2024-07-31,50036300
AAPL,2024-08-01,62501000
AAPL,2024-08-02,105568600
AAPL,2024-08-05,119548600
AAPL,2024-08-06,69660500
AAPL,2024-08-07,63516400
AAPL,2024-08-08,47161100
AAPL,2024-08-09,42201600
AAPL,2024-08-12,38028100
AAPL,2024-08-13,44155300
AAPL,2024-08-14,41960600
AAPL,2024-08-15,46414000
AAPL,2024-08-16,44340200
AAPL,2024-08-19,40687800
AAPL,2024-08-20,30299000
AAPL,2024-08-21,34765500
AAPL,2024-08-22,43695300
AAPL,2024-08-23,38677300
AAPL,2024-08-26,30602200
AAPL,2024-08-27,35934600
AAPL,2024-08-28,38052200
AAPL,2024-08-29,51906300
AAPL,2024-08-30,52990800
AAPL,2024-09-03,50190600
AAPL,2024-09-04,43840200
AAPL,2024-09-05,36615400
AAPL,2024-09-06,48423000
AAPL,2024-09-09,67180000
AAPL,2024-09-10,51591000
AAPL,2024-09-11,44587100
AAPL,2024-09-12,37455600
AAPL,2024-09-13,36766600
AAPL,2024-09-16,59357400
AAPL,2024-09-17,45519300
AAPL,2024-09-18,59894900
AAPL,2024-09-19,66781300
AAPL,2024-09-20,318679900
AAPL,2024-09-23,54146000
AAPL,2024-09-24,43556100
AAPL,2024-09-25,42308700
AAPL,2024-09-26,36636700
AAPL,2024-09-27,34026000
AAPL,2024-09-30,54541900
AAPL,2024-10-01,63285000
AAPL,2024-10-02,32880600
AAPL,2024-10-03,34044200
AAPL,2024-10-04,37245100
AAPL,2024-10-07,39505400
AAPL,2024-10-08,31855700
AAPL,2024-10-09,33591100
AAPL,2024-10-10,28183500
AAPL,2024-10-11,31759200
AAPL,2024-10-14,39882100
AAPL,2024-10-15,64751400
AAPL,2024-10-16,34082200
AAPL,2024-10-17,32993800
AAPL,2024-10-18,46431500
AAPL,2024-10-21,36254500
AAPL,2024-10-22,38846600
AAPL,2024-10-23,52287000
AAPL,2024-10-24,31109500
AAPL,2024-10-25,38802300
AAPL,2024-10-28,36087100
AAPL,2024-10-29,35417200
AAPL,2024-10-30,47070900
AAPL,2024-10-31,64370100
AAPL,2024-11-01,65276700
AAPL,2024-11-04,44944500
AAPL,2024-11-05,28111300
AAPL,2024-11-06,54561100
AAPL,2024-11-07,42137700
AAPL,2024-11-08,38328800
AAPL,2024-11-11,42005600
AAPL,2024-11-12,40398300
AAPL,2024-11-13,48566200
AAPL,2024-11-14,44923900
AAPL,2024-11-15,47923700
AAPL,2024-11-18,44633700
AAPL,2024-11-19,36211800
AAPL,2024-11-20,35169600
AAPL,2024-11-21,42108300
AAPL,2024-11-22,38168300
AAPL,2024-11-25,90152800
AAPL,2024-11-26,45986200
AAPL,2024-11-27,33498400
AAPL,2024-11-29,28481400
AAPL,2024-12-02,48137100
AAPL,2024-12-03,38861000
AAPL,2024-12-04,44383900
AAPL,2024-12-05,40033900
AAPL,2024-12-06,36870600
AAPL,2024-12-09,44649200
AAPL,2024-12-10,36914800
AAPL,2024-12-11,45205800
AAPL,2024-12-12,32777500
AAPL,2024-12-13,33155300
AAPL,2024-12-16,51694800
AAPL,2024-12-17,51356400
AAPL,2024-12-18,56774100
AAPL,2024-12-19,60882300
AAPL,2024-12-20,147495300
AAPL,2024-12-23,40858800
AAPL,2024-12-24,23234700
AAPL,2024-12-26,27237100
AAPL,2024-12-27,42355300
AAPL,2024-12-30,35557500
AAPL,2024-12-31,39480700
AAPL,2025-01-02,55740700
AAPL,2025-01-03,40244100
AAPL,2025-01-06,45045600
AAPL,2025-01-07,40856000
AAPL,2025-01-08,37628900
AAPL,2025-01-10,61710900
AAPL,2025-01-13,49630700
AAPL,2025-01-14,39435300
AAPL,2025-01-15,39832000
AAPL,2025-01-16,71759100
AAPL,2025-01-17,68488300
AAPL,2025-01-21,98070400
AAPL,2025-01-22,64126500
AAPL,2025-01-23,60234800
AAPL,2025-01-24,54697900
AAPL,2025-01-27,94863400
AAPL,2025-01-28,75707600
AAPL,2025-01-29,45486100
AAPL,2025-01-30,55658300
AAPL,2025-01-31,100959800
AAPL,2025-02-03,73063300
AAPL,2025-02-04,45067300
AAPL,2025-02-05,39620300
AAPL,2025-02-06,29925300
AAPL,2025-02-07,39707200
AAPL,2025-02-10,33115600
AAPL,2025-02-11,53718400
AAPL,2025-02-12,45243300
AAPL,2025-02-13,53614100
AAPL,2025-02-14,40896200
AAPL,2025-02-18,48822500
AAPL,2025-02-19,32204200
AAPL,2025-02-20,32316900
AAPL,2025-02-21,53197400
AAPL,2025-02-24,51326400
AAPL,2025-02-25,48013300
AAPL,2025-02-26,44433600
AAPL,2025-02-27,41153600
AAPL,2025-02-28,56833400
AAPL,2025-03-03,47184000
AAPL,2025-03-04,53798100
AAPL,2025-03-05,47227600
AAPL,2025-03-06,45170400
AAPL,2025-03-07,46273600
AAPL,2025-03-10,72071200
AAPL,2025-03-11,76137400
AAPL,2025-03-12,62547500
AAPL,2025-03-13,61368300
AAPL,2025-03-14,60107600
AAPL,2025-03-17,48073400
AAPL,2025-03-18,42432400
AAPL,2025-03-19,54385400
AAPL,2025-03-20,48862900
AAPL,2025-03-21,94127800
AAPL,2025-03-24,44299500
AAPL,2025-03-25,34493600
AAPL,2025-03-26,34466100
AAPL,2025-03-27,37094800
AAPL,2025-03-28,39818600
AAPL,2025-03-31,65299300
AAPL,2025-04-01,36412700
AAPL,2025-04-02,35905900
AAPL,2025-04-03,103419000
AAPL,2025-04-04,125910900
AAPL,2025-04-07,160466300
AAPL,2025-04-08,120859500
AAPL,2025-04-09,184395900
AAPL,2025-04-10,121880000
AAPL,2025-04-11,87435900
AAPL,2025-04-14,101352900
AAPL,2025-04-15,51343900
AAPL,2025-04-16,59732400
AAPL,2025-04-17,52164700
AAPL,2025-04-21,46742500
AAPL,2025-04-22,52976400
AAPL,2025-04-23,52929200
AAPL,2025-04-24,47311000
AAPL,2025-04-25,38222300
AAPL,2025-04-28,38743100
AAPL,2025-04-29,36827600
AAPL,2025-04-30,52286500
AAPL,2025-05-01,57365700
AAPL,2025-05-02,101010600
AAPL,2025-05-05,69018500
AAPL,2025-05-06,51216500
AAPL,2025-05-07,68536700
AAPL,2025-05-08,50478900
AAPL,2025-05-09,36453900
AAPL,2025-05-12,63775800
AAPL,2025-05-13,51909300
AAPL,2025-05-14,49325800
AAPL,2025-05-15,45029500
AAPL,2025-05-16,54737900
AAPL,2025-05-19,46140500
AAPL,2025-05-20,42496600
AAPL,2025-05-21,59211800
AAPL,2025-05-22,46742400
AAPL,2025-05-23,78432900
AAPL,2025-05-27,56288500
AAPL,2025-05-28,45339700
AAPL,2025-05-29,51396800
AAPL,2025-05-30,70819900
AAPL,2025-06-02,35423300
AAPL,2025-06-03,46381600
AAPL,2025-06-04,43604000
AAPL,2025-06-05,55126100
AAPL,2025-06-06,46607700
AAPL,2025-06-09,72862600
AAPL,2025-06-10,54672600
AAPL,2025-06-11,60989900
AAPL,2025-06-12,43904600
AAPL,2025-06-13,51447300
AAPL,2025-06-16,43020700
AAPL,2025-06-17,38856200
AAPL,2025-06-18,45394700
AAPL,2025-06-20,96813500
AAPL,2025-06-23,55814300
AAPL,2025-06-24,54064000
AAPL,2025-06-25,39525700
AAPL,2025-06-26,50799100
AAPL,2025-06-27,73188600
AAPL,2025-06-30,91912800
AAPL,2025-07-01,78788900
AAPL,2025-07-02,67941800
AAPL,2025-07-03,34955800
AAPL,2025-07-07,50229000
AAPL,2025-07-08,42848900
AAPL,2025-07-09,48749400
AAPL,2025-07-10,44443600
AAPL,2025-07-11,39765800
AAPL,2025-07-14,38840100
AAPL,2025-07-15,42296300
AAPL,2025-07-16,47490500
AAPL,2025-07-17,48068100
AAPL,2025-07-18,48974600
AAPL,2025-07-21,51377400
AAPL,2025-07-22,46404100
AAPL,2025-07-23,46989300
AAPL,2025-07-24,46022600
AAPL,2025-07-25,40268800
AAPL,2025-07-28,37858000
AAPL,2025-07-29,51411700
AAPL,2025-07-30,45512500
AAPL,2025-07-31,80698400
AAPL,2025-08-01,104434500
AAPL,2025-08-04,75109300
AAPL,2025-08-05,44155100
AAPL,2025-08-06,108483100
AAPL,2025-08-07,90224800
AAPL,2025-08-08,113854000
AAPL,2025-08-11,61806100
AAPL,2025-08-12,55626200
AAPL,2025-08-13,69878500
AAPL,2025-08-14,51916300
AAPL,2025-08-15,56038700
AAPL,2025-08-18,37476200
AAPL,2025-08-19,39402600
AAPL,2025-08-20,42263900
AAPL,2025-08-21,30621200
AAPL,2025-08-22,42477800
AAPL,2025-08-25,30983100
AAPL,2025-08-26,54575100
AAPL,2025-08-27,31259500
AAPL,2025-08-28,38074700
AAPL,2025-08-29,39418400
AAPL,2025-09-02,44075600
AAPL,2025-09-03,66427800
AAPL,2025-09-04,47549400
AAPL,2025-09-05,54870400
AAPL,2025-09-08,48999500
AAPL,2025-09-09,66313900
AAPL,2025-09-10,83440800
AAPL,2025-09-11,50208600
AAPL,2025-09-12,55824200
AAPL,2025-09-15,42699500
AAPL,2025-09-16,63421100
AAPL,2025-09-17,46508000
AAPL,2025-09-18,44249600
AAPL,2025-09-19,163741300
AAPL,2025-09-22,105517400
AAPL,2025-09-23,60275200
AAPL,2025-09-24,42303700
AAPL,2025-09-25,55202100
AAPL,2025-09-26,46076300
AAPL,2025-09-29,40127700
AAPL,2025-09-30,37704300
AAPL,2025-10-01,48713900
AAPL,2025-10-02,42630200
AAPL,2025-10-03,49155600
AAPL,2025-10-06,44664100
AAPL,2025-10-07,31955800
AAPL,2025-10-08,36496900
AAPL,2025-10-09,38322000
AAPL,2025-10-10,61999100
AAPL,2025-10-13,38142900
AAPL,2025-10-14,35478000
AAPL,2025-10-15,33893600
AAPL,2025-10-16,39777000
AAPL,2025-10-17,49147000
AAPL,2025-10-20,90483000
AAPL,2025-10-21,46695900
AAPL,2025-10-22,45015300
AAPL,2025-10-23,32754900
AAPL,2025-10-24,38253700
AAPL,2025-10-27,44888200
AAPL,2025-10-28,41534800
AAPL,2025-10-29,51086700
AAPL,2025-10-30,69886500
AAPL,2025-10-31,86167100
AAPL,2025-11-03,50194600
AAPL,2025-11-04,49274800
AAPL,2025-11-05,43683100
AAPL,2025-11-06,51204000
AAPL,2025-11-07,48227400
AAPL,2025-11-10,41312400
AAPL,2025-11-11,46208300
AAPL,2025-11-12,48398000
AAPL,2025-11-13,49602800
AAPL,2025-11-14,47431300
AAPL,2025-11-17,45018300
AAPL,2025-11-18,45677300
AAPL,2025-11-19,40424500
AAPL,2025-11-20,45823600
AAPL,2025-11-21,59030800
AAPL,2025-11-24,65585800
AAPL,2025-11-25,46914200
AAPL,2025-11-26,33431400
AAPL,2025-11-28,20135600
AAPL,2025-12-01,46587700
AAPL,2025-12-02,53669500
AAPL,2025-12-03,43538700
AAPL,2025-12-04,43989100
AAPL,2025-12-05,47265800
AAPL,2025-12-08,38211800
AAPL,2025-12-09,32193300
AAPL,2025-12-10,33038300
AAPL,2025-12-11,33248000
AAPL,2025-12-12,39532900
AAPL,2025-12-15,50409100
AAPL,2025-12-16,37648600
AAPL,2025-12-17,50138700
AAPL,2025-12-18,51630700
AAPL,2025-12-19,144632000
AAPL,2025-12-22,36571800
AAPL,2025-12-23,29642000
AAPL,2025-12-24,17910600
AAPL,2025-12-26,21521800
AAPL,2025-12-29,23715200
AAPL,2025-12-30,22139600
AAPL,2025-12-31,27293600
AAPL,2026-01-02,37838100
AAPL,2026-01-05,45647200
AAPL,2026-01-06,52352100
AAPL,2026-01-07,48309800
AAPL,2026-01-08,50419300
AAPL,2026-01-09,39997000
AAPL,2026-01-12,45263800
AAPL,2026-01-13,45730800
AAPL,2026-01-14,40019400
AAPL,2026-01-15,39388600
AAPL,2026-01-16,72142800
AAPL,2026-01-20,80267500
AAPL,2026-01-21,54641700
AAPL,2026-01-22,39708300
AAPL,2026-01-23,41689000
AAPL,2026-01-26,55969200
AAPL,2026-01-27,49648300
AAPL,2026-01-28,41288000
AAPL,2026-01-29,67253000
AAPL,2026-01-30,92443400
AAPL,2026-02-02,73913400
AAPL,2026-02-03,64394700
AAPL,2026-02-04,90545700
AAPL,2026-02-05,52977400
AAPL,2026-02-06,50453400
AAPL,2026-02-09,44623400
AAPL,2026-02-10,34376900
AAPL,2026-02-11,51931300
AAPL,2026-02-12,81077200
AAPL,2026-02-13,56290700
AAPL,2026-02-17,58469100
AAPL,2026-02-18,34203300
AAPL,2026-02-19,30845300
AAPL,2026-02-20,42070500
AAPL,2026-02-23,37308200
AAPL,2026-02-24,47014600
AAPL,2026-02-25,33714300
AAPL,2026-02-26,32345100
AAPL,2026-02-27,72366500
AAPL,2026-03-02,41827900
AAPL,2026-03-03,38568900
AAPL,2026-03-04,39803100
AAPL,2026-03-05,49658600
AAPL,2026-03-06,41120000
AAPL,2026-03-09,38218500
AAPL,2026-03-10,30590800
AAPL,2026-03-11,26218900
AAPL,2026-03-12,40794000
AAPL,2026-03-13,36930000
AAPL,2026-03-16,32074200
AAPL,2026-03-17,32361600
AAPL,2026-03-18,35757900
AAPL,2026-03-19,34864100
AAPL,2026-03-20,88331100
AAPL,2026-03-23,40546100
AAPL,2026-03-24,45152300
AAPL,2026-03-25,28476700
AAPL,2026-03-26,41796700
AAPL,2026-03-27,47842500
MSFT,2021-03-29,25227500
MSFT,2021-03-30,24792000
MSFT,2021-03-31,43623500
MSFT,2021-04-01,30338000
MSFT,2021-04-05,36910600
MSFT,2021-04-06,22931900
MSFT,2021-04-07,22719800
MSFT,2021-04-08,23625200
MSFT,2021-04-09,24326800
MSFT,2021-04-12,27148700
MSFT,2021-04-13,23837500
MSFT,2021-04-14,23070900
MSFT,2021-04-15,25627500
MSFT,2021-04-16,24878600
MSFT,2021-04-19,23209300
MSFT,2021-04-20,19722900
MSFT,2021-04-21,24030400
MSFT,2021-04-22,25606200
MSFT,2021-04-23,21462600
MSFT,2021-04-26,19763300
MSFT,2021-04-27,31014200
MSFT,2021-04-28,46903100
MSFT,2021-04-29,40589000
MSFT,2021-04-30,30945100
MSFT,2021-05-03,19626600
MSFT,2021-05-04,32756100
MSFT,2021-05-05,21901300
MSFT,2021-05-06,26491100
MSFT,2021-05-07,27032900
MSFT,2021-05-10,29299900
MSFT,2021-05-11,33641600
MSFT,2021-05-12,36684400
MSFT,2021-05-13,29624300
MSFT,2021-05-14,23901100
MSFT,2021-05-17,24970200
MSFT,2021-05-18,20168000
MSFT,2021-05-19,25739800
MSFT,2021-05-20,21800700
MSFT,2021-05-21,21863100
MSFT,2021-05-24,21411500
MSFT,2021-05-25,17704300
MSFT,2021-05-26,17771600
MSFT,2021-05-27,24426200
MSFT,2021-05-28,18270200
MSFT,2021-06-01,23213300
MSFT,2021-06-02,19406700
MSFT,2021-06-03,25307700
MSFT,2021-06-04,25281100
MSFT,2021-06-07,23079200
MSFT,2021-06-08,22455000
MSFT,2021-06-09,17937600
MSFT,2021-06-10,24563600
MSFT,2021-06-11,18999700
MSFT,2021-06-14,19150500
MSFT,2021-06-15,18038900
MSFT,2021-06-16,27220000
MSFT,2021-06-17,27565500
MSFT,2021-06-18,37202200
MSFT,2021-06-21,26696100
MSFT,2021-06-22,24694100
MSFT,2021-06-23,19518700
MSFT,2021-06-24,21446900
MSFT,2021-06-25,25611100
MSFT,2021-06-28,19590000
MSFT,2021-06-29,19937800
MSFT,2021-06-30,21656500
MSFT,2021-07-01,16725300
MSFT,2021-07-02,26458000
MSFT,2021-07-06,31565600
MSFT,2021-07-07,23260000
MSFT,2021-07-08,24618600
MSFT,2021-07-09,23916700
MSFT,2021-07-12,18931700
MSFT,2021-07-13,26120100
MSFT,2021-07-14,23113700
MSFT,2021-07-15,22604200
MSFT,2021-07-16,26186800
MSFT,2021-07-19,32935600
MSFT,2021-07-20,26259700
MSFT,2021-07-21,24364300
MSFT,2021-07-22,23384100
MSFT,2021-07-23,22768100
MSFT,2021-07-26,23176100
MSFT,2021-07-27,33604100
MSFT,2021-07-28,33566900
MSFT,2021-07-29,18168300
MSFT,2021-07-30,20944800
MSFT,2021-08-02,16267400
MSFT,2021-08-03,17879000
MSFT,2021-08-04,16191300
MSFT,2021-08-05,13900200
MSFT,2021-08-06,16589300
MSFT,2021-08-09,16117600
MSFT,2021-08-10,18616600
MSFT,2021-08-11,13955900
MSFT,2021-08-12,14561300
MSFT,2021-08-13,18249000
MSFT,2021-08-16,22507600
MSFT,2021-08-17,20075300
MSFT,2021-08-18,21813000
MSFT,2021-08-19,29850500
MSFT,2021-08-20,40817600
MSFT,2021-08-23,22830200
MSFT,2021-08-24,18175800
MSFT,2021-08-25,20006100
MSFT,2021-08-26,17666100
MSFT,2021-08-27,22605700
MSFT,2021-08-30,16348100
MSFT,2021-08-31,26285300
MSFT,2021-09-01,18983800
MSFT,2021-09-02,16285600
MSFT,2021-09-03,14747900
MSFT,2021-09-07,17180400
MSFT,2021-09-08,15046800
MSFT,2021-09-09,19927000
MSFT,2021-09-10,19633400
MSFT,2021-09-13,23652900
MSFT,2021-09-14,21853400
MSFT,2021-09-15,28356300
MSFT,2021-09-16,19550800
MSFT,2021-09-17,41372500
MSFT,2021-09-20,38278700
MSFT,2021-09-21,22364100
MSFT,2021-09-22,26626300
MSFT,2021-09-23,18604600
MSFT,2021-09-24,14999000
MSFT,2021-09-27,23571700
MSFT,2021-09-28,43186200
MSFT,2021-09-29,26353700
MSFT,2021-09-30,32343600
MSFT,2021-10-01,30086300
MSFT,2021-10-04,31350700
MSFT,2021-10-05,24993000
MSFT,2021-10-06,28002600
MSFT,2021-10-07,20430500
MSFT,2021-10-08,17685700
MSFT,2021-10-11,19298600
MSFT,2021-10-12,17974100
MSFT,2021-10-13,23416300
MSFT,2021-10-14,27262900
MSFT,2021-10-15,25384800
MSFT,2021-10-18,22729300
MSFT,2021-10-19,17682100
MSFT,2021-10-20,16537100
MSFT,2021-10-21,16918100
MSFT,2021-10-22,17449300
MSFT,2021-10-25,17554500
MSFT,2021-10-26,28107300
MSFT,2021-10-27,52588700
MSFT,2021-10-28,26297900
MSFT,2021-10-29,34766000
MSFT,2021-11-01,27073200
MSFT,2021-11-02,26487100
MSFT,2021-11-03,21500100
MSFT,2021-11-04,23992200
MSFT,2021-11-05,22570100
MSFT,2021-11-08,20897000
MSFT,2021-11-09,21307400
MSFT,2021-11-10,25500900
MSFT,2021-11-11,16849800
MSFT,2021-11-12,23831000
MSFT,2021-11-15,16723000
MSFT,2021-11-16,20886800
MSFT,2021-11-17,19053400
MSFT,2021-11-18,22463500
MSFT,2021-11-19,21963400
MSFT,2021-11-22,31031100
MSFT,2021-11-23,30427600
MSFT,2021-11-24,21661300
MSFT,2021-11-26,24217200
MSFT,2021-11-29,28563500
MSFT,2021-11-30,42885600
MSFT,2021-12-01,33337600
MSFT,2021-12-02,30766000
MSFT,2021-12-03,41779300
MSFT,2021-12-06,30032600
MSFT,2021-12-07,31021900
MSFT,2021-12-08,24761000
MSFT,2021-12-09,22214200
MSFT,2021-12-10,38095700
MSFT,2021-12-13,28899400
MSFT,2021-12-14,44438700
MSFT,2021-12-15,35381100
MSFT,2021-12-16,35034800
MSFT,2021-12-17,47750300
MSFT,2021-12-20,28326500
MSFT,2021-12-21,24740600
MSFT,2021-12-22,24831500
MSFT,2021-12-23,19617800
MSFT,2021-12-27,19947000
MSFT,2021-12-28,15661500
MSFT,2021-12-29,15042000
MSFT,2021-12-30,15994500
MSFT,2021-12-31,18000800
MSFT,2022-01-03,28865100
MSFT,2022-01-04,32674300
MSFT,2022-01-05,40054300
MSFT,2022-01-06,39646100
MSFT,2022-01-07,32720000
MSFT,2022-01-10,44289500
MSFT,2022-01-11,29386800
MSFT,2022-01-12,34372200
MSFT,2022-01-13,45366000
MSFT,2022-01-14,39846400
MSFT,2022-01-18,42333200
MSFT,2022-01-19,45933900
MSFT,2022-01-20,35380700
MSFT,2022-01-21,57984400
MSFT,2022-01-24,85731500
MSFT,2022-01-25,72848600
MSFT,2022-01-26,90428900
MSFT,2022-01-27,53481300
MSFT,2022-01-28,49743700
MSFT,2022-01-31,46444500
MSFT,2022-02-01,40950400
MSFT,2022-02-02,36636000
MSFT,2022-02-03,43730000
MSFT,2022-02-04,35096500
MSFT,2022-02-07,28533300
MSFT,2022-02-08,32421200
MSFT,2022-02-09,31284700
MSFT,2022-02-10,45386200
MSFT,2022-02-11,39175600
MSFT,2022-02-14,36359500
MSFT,2022-02-15,27058300
MSFT,2022-02-16,29982100
MSFT,2022-02-17,32461600
MSFT,2022-02-18,34264000
MSFT,2022-02-22,41736100
MSFT,2022-02-23,37811200
MSFT,2022-02-24,56989700
MSFT,2022-02-25,32546700
MSFT,2022-02-28,34627500
MSFT,2022-03-01,31217800
MSFT,2022-03-02,31873000
MSFT,2022-03-03,27314500
MSFT,2022-03-04,32356500
MSFT,2022-03-07,43157200
MSFT,2022-03-08,48159500
MSFT,2022-03-09,35204500
MSFT,2022-03-10,30628000
MSFT,2022-03-11,27209300
MSFT,2022-03-14,30660700
MSFT,2022-03-15,34245100
MSFT,2022-03-16,37826300
MSFT,2022-03-17,30816600
MSFT,2022-03-18,43390600
MSFT,2022-03-21,28351200
MSFT,2022-03-22,27599700
MSFT,2022-03-23,25715400
MSFT,2022-03-24,24484500
MSFT,2022-03-25,22566500
MSFT,2022-03-28,29578200
MSFT,2022-03-29,30393400
MSFT,2022-03-30,28163600
MSFT,2022-03-31,33422100
MSFT,2022-04-01,27110500
MSFT,2022-04-04,24289600
MSFT,2022-04-05,23156700
MSFT,2022-04-06,40110400
MSFT,2022-04-07,31411200
MSFT,2022-04-08,24361900
MSFT,2022-04-11,34569300
MSFT,2022-04-12,30966700
MSFT,2022-04-13,21907200
MSFT,2022-04-14,28221600
MSFT,2022-04-18,20778000
MSFT,2022-04-19,22297700
MSFT,2022-04-20,22906700
MSFT,2022-04-21,29454600
MSFT,2022-04-22,29405800
MSFT,2022-04-25,35678900
MSFT,2022-04-26,46518400
MSFT,2022-04-27,63477700
MSFT,2022-04-28,33646600
MSFT,2022-04-29,37073900
MSFT,2022-05-02,35151100
MSFT,2022-05-03,25978600
MSFT,2022-05-04,33599300
MSFT,2022-05-05,43260400
MSFT,2022-05-06,37780300
MSFT,2022-05-09,47726000
MSFT,2022-05-10,39336400
MSFT,2022-05-11,48975900
MSFT,2022-05-12,51033800
MSFT,2022-05-13,34925100
MSFT,2022-05-16,32550900
MSFT,2022-05-17,28828800
MSFT,2022-05-18,31356000
MSFT,2022-05-19,32692300
MSFT,2022-05-20,39199300
MSFT,2022-05-23,33175400
MSFT,2022-05-24,29043900
MSFT,2022-05-25,28547900
MSFT,2022-05-26,25002100
MSFT,2022-05-27,26910800
MSFT,2022-05-31,37827700
MSFT,2022-06-01,25292200
MSFT,2022-06-02,44008200
MSFT,2022-06-03,28059000
MSFT,2022-06-06,22400300
MSFT,2022-06-07,22860700
MSFT,2022-06-08,17372300
MSFT,2022-06-09,26439700
MSFT,2022-06-10,31422800
MSFT,2022-06-13,46135800
MSFT,2022-06-14,28651500
MSFT,2022-06-15,33111700
MSFT,2022-06-16,33169200
MSFT,2022-06-17,43084800
MSFT,2022-06-21,29928300
MSFT,2022-06-22,25939900
MSFT,2022-06-23,25861400
MSFT,2022-06-24,33923200
MSFT,2022-06-27,24615100
MSFT,2022-06-28,27295500
MSFT,2022-06-29,20069800
MSFT,2022-06-30,31730900
MSFT,2022-07-01,22837700
MSFT,2022-07-05,22941000
MSFT,2022-07-06,23824400
MSFT,2022-07-07,20859900
MSFT,2022-07-08,19658800
MSFT,2022-07-11,19455200
MSFT,2022-07-12,35868500
MSFT,2022-07-13,29497400
MSFT,2022-07-14,25102800
MSFT,2022-07-15,29774100
MSFT,2022-07-18,20975000
MSFT,2022-07-19,25012600
MSFT,2022-07-20,22788300
MSFT,2022-07-21,22404700
MSFT,2022-07-22,21881300
MSFT,2022-07-25,21056000
MSFT,2022-07-26,39348000
MSFT,2022-07-27,45994000
MSFT,2022-07-28,33459300
MSFT,2022-07-29,32152800
MSFT,2022-08-01,21539600
MSFT,2022-08-02,22754200
MSFT,2022-08-03,23518900
MSFT,2022-08-04,18098700
MSFT,2022-08-05,16774600
MSFT,2022-08-08,18739200
MSFT,2022-08-09,23405200
MSFT,2022-08-10,24687800
MSFT,2022-08-11,20065900
MSFT,2022-08-12,22619700
MSFT,2022-08-15,18085700
MSFT,2022-08-16,18102900
MSFT,2022-08-17,18253400
MSFT,2022-08-18,17186200
MSFT,2022-08-19,20570000
MSFT,2022-08-22,25061100
MSFT,2022-08-23,17527400
MSFT,2022-08-24,18137000
MSFT,2022-08-25,16583400
MSFT,2022-08-26,27549300
MSFT,2022-08-29,20338500
MSFT,2022-08-30,22767100
MSFT,2022-08-31,24791800
MSFT,2022-09-01,23263400
MSFT,2022-09-02,22855400
MSFT,2022-09-06,21328200
MSFT,2022-09-07,24126700
MSFT,2022-09-08,20319900
MSFT,2022-09-09,22084700
MSFT,2022-09-12,18747700
MSFT,2022-09-13,33353300
MSFT,2022-09-14,23913000
MSFT,2022-09-15,31530900
MSFT,2022-09-16,39791800
MSFT,2022-09-19,26826900
MSFT,2022-09-20,26660300
MSFT,2022-09-21,28625600
MSFT,2022-09-22,31061200
MSFT,2022-09-23,34176000
MSFT,2022-09-26,27694200
MSFT,2022-09-27,27018700
MSFT,2022-09-28,29029700
MSFT,2022-09-29,27484200
MSFT,2022-09-30,35694800
MSFT,2022-10-03,28880400
MSFT,2022-10-04,34888400
MSFT,2022-10-05,20347100
MSFT,2022-10-06,20239900
MSFT,2022-10-07,37769600
MSFT,2022-10-10,29743600
MSFT,2022-10-11,30474000
MSFT,2022-10-12,21903900
MSFT,2022-10-13,42551800
MSFT,2022-10-14,30198600
MSFT,2022-10-17,28142300
MSFT,2022-10-18,26329600
MSFT,2022-10-19,19985700
MSFT,2022-10-20,21811000
MSFT,2022-10-21,26299700
MSFT,2022-10-24,24911200
MSFT,2022-10-25,34775500
MSFT,2022-10-26,82543200
MSFT,2022-10-27,40424600
MSFT,2022-10-28,40647700
MSFT,2022-10-31,28357300
MSFT,2022-11-01,30592300
MSFT,2022-11-02,38407000
MSFT,2022-11-03,36633900
MSFT,2022-11-04,36789100
MSFT,2022-11-07,33498000
MSFT,2022-11-08,28192500
MSFT,2022-11-09,27852900
MSFT,2022-11-10,46268000
MSFT,2022-11-11,34620200
MSFT,2022-11-14,31123300
MSFT,2022-11-15,31390100
MSFT,2022-11-16,24093300
MSFT,2022-11-17,23123500
MSFT,2022-11-18,27613500
MSFT,2022-11-21,26394700
MSFT,2022-11-22,19665700
MSFT,2022-11-23,19508500
MSFT,2022-11-25,9200800
MSFT,2022-11-28,24778200
MSFT,2022-11-29,17956300
MSFT,2022-11-30,47594200
MSFT,2022-12-01,26041500
MSFT,2022-12-02,21528500
MSFT,2022-12-05,23435300
MSFT,2022-12-06,22463700
MSFT,2022-12-07,20481500
MSFT,2022-12-08,22611800
MSFT,2022-12-09,20609700
MSFT,2022-12-12,30665100
MSFT,2022-12-13,42196900
MSFT,2022-12-14,35410900
MSFT,2022-12-15,35560400
MSFT,2022-12-16,86102000
MSFT,2022-12-19,29696400
MSFT,2022-12-20,25150800
MSFT,2022-12-21,23690600
MSFT,2022-12-22,28651700
MSFT,2022-12-23,21207000
MSFT,2022-12-27,16688600
MSFT,2022-12-28,17457100
MSFT,2022-12-29,19770700
MSFT,2022-12-30,21938500
MSFT,2023-01-03,25740000
MSFT,2023-01-04,50623400
MSFT,2023-01-05,39585600
MSFT,2023-01-06,43613600
MSFT,2023-01-09,27369800
MSFT,2023-01-10,27033900
MSFT,2023-01-11,28669300
MSFT,2023-01-12,27269500
MSFT,2023-01-13,21333300
MSFT,2023-01-17,29831300
MSFT,2023-01-18,30028700
MSFT,2023-01-19,28623000
MSFT,2023-01-20,35389800
MSFT,2023-01-23,31934000
MSFT,2023-01-24,40234400
MSFT,2023-01-25,66526600
MSFT,2023-01-26,33454500
MSFT,2023-01-27,26498900
MSFT,2023-01-30,25867400
MSFT,2023-01-31,26541100
MSFT,2023-02-01,31259900
MSFT,2023-02-02,39940400
MSFT,2023-02-03,29077300
MSFT,2023-02-06,22518000
MSFT,2023-02-07,50841400
MSFT,2023-02-08,54686000
MSFT,2023-02-09,42375100
MSFT,2023-02-10,25818500
MSFT,2023-02-13,44630900
MSFT,2023-02-14,37047900
MSFT,2023-02-15,28922400
MSFT,2023-02-16,29603600
MSFT,2023-02-17,30000100
MSFT,2023-02-21,28397400
MSFT,2023-02-22,22491100
MSFT,2023-02-23,29219100
MSFT,2023-02-24,24990900
MSFT,2023-02-27,21190000
MSFT,2023-02-28,22491000
MSFT,2023-03-01,27565300
MSFT,2023-03-02,24808200
MSFT,2023-03-03,30760100
MSFT,2023-03-06,24109800
MSFT,2023-03-07,21473200
MSFT,2023-03-08,17340200
MSFT,2023-03-09,26653400
MSFT,2023-03-10,28333900
MSFT,2023-03-13,33339700
MSFT,2023-03-14,33620300
MSFT,2023-03-15,46028000
MSFT,2023-03-16,54768800
MSFT,2023-03-17,69527400
MSFT,2023-03-20,43466600
MSFT,2023-03-21,34558700
MSFT,2023-03-22,34873300
MSFT,2023-03-23,36610900
MSFT,2023-03-24,28172000
MSFT,2023-03-27,26840200
MSFT,2023-03-28,21878600
MSFT,2023-03-29,25087000
MSFT,2023-03-30,25053400
MSFT,2023-03-31,32766000
MSFT,2023-04-03,24883300
MSFT,2023-04-04,25824300
MSFT,2023-04-05,22064800
MSFT,2023-04-06,29770300
MSFT,2023-04-10,23103000
MSFT,2023-04-11,27276600
MSFT,2023-04-12,27403400
MSFT,2023-04-13,24222700
MSFT,2023-04-14,20987900
MSFT,2023-04-17,23836200
MSFT,2023-04-18,20161800
MSFT,2023-04-19,17150300
MSFT,2023-04-20,23244400
MSFT,2023-04-21,21676400
MSFT,2023-04-24,26611000
MSFT,2023-04-25,45772200
MSFT,2023-04-26,64599200
MSFT,2023-04-27,46462600
MSFT,2023-04-28,36469600
MSFT,2023-05-01,21294100
MSFT,2023-05-02,26404400
MSFT,2023-05-03,22360800
MSFT,2023-05-04,22519900
MSFT,2023-05-05,28197100
MSFT,2023-05-08,21318600
MSFT,2023-05-09,21340800
MSFT,2023-05-10,30078000
MSFT,2023-05-11,31680200
MSFT,2023-05-12,19774700
MSFT,2023-05-15,16336500
MSFT,2023-05-16,26730300
MSFT,2023-05-17,24315000
MSFT,2023-05-18,27276000
MSFT,2023-05-19,27546700
MSFT,2023-05-22,24115700
MSFT,2023-05-23,30797200
MSFT,2023-05-24,23384900
MSFT,2023-05-25,43301700
MSFT,2023-05-26,36630600
MSFT,2023-05-30,29503100
MSFT,2023-05-31,45950600
MSFT,2023-06-01,26773900
MSFT,2023-06-02,25873800
MSFT,2023-06-05,21307100
MSFT,2023-06-06,20396200
MSFT,2023-06-07,40717100
MSFT,2023-06-08,23277700
MSFT,2023-06-09,22529000
MSFT,2023-06-12,24260300
MSFT,2023-06-13,22951300
MSFT,2023-06-14,26003800
MSFT,2023-06-15,38899100
MSFT,2023-06-16,46552000
MSFT,2023-06-20,26375400
MSFT,2023-06-21,25117800
MSFT,2023-06-22,23556800
MSFT,2023-06-23,23146900
MSFT,2023-06-26,21520600
MSFT,2023-06-27,24354100
MSFT,2023-06-28,20259500
MSFT,2023-06-29,16997000
MSFT,2023-06-30,26832800
MSFT,2023-07-03,12508700
MSFT,2023-07-05,18172400
MSFT,2023-07-06,28161200
MSFT,2023-07-07,21214800
MSFT,2023-07-10,32791400
MSFT,2023-07-11,26698200
MSFT,2023-07-12,29995300
MSFT,2023-07-13,20567200
MSFT,2023-07-14,28352700
MSFT,2023-07-17,20363900
MSFT,2023-07-18,64738600
MSFT,2023-07-19,39732900
MSFT,2023-07-20,33778400
MSFT,2023-07-21,69405400
MSFT,2023-07-24,26678100
MSFT,2023-07-25,41637700
MSFT,2023-07-26,58383700
MSFT,2023-07-27,39635300
MSFT,2023-07-28,28484900
MSFT,2023-07-31,25446000
MSFT,2023-08-01,18311900
MSFT,2023-08-02,27761300
MSFT,2023-08-03,18253700
MSFT,2023-08-04,23741500
MSFT,2023-08-07,17741500
MSFT,2023-08-08,22327600
MSFT,2023-08-09,22373300
MSFT,2023-08-10,20113700
MSFT,2023-08-11,24355500
MSFT,2023-08-14,18836100
MSFT,2023-08-15,16966300
MSFT,2023-08-16,20698900
MSFT,2023-08-17,21257200
MSFT,2023-08-18,24755000
MSFT,2023-08-21,24040000
MSFT,2023-08-22,16084600
MSFT,2023-08-23,21166400
MSFT,2023-08-24,23281400
MSFT,2023-08-25,21684100
MSFT,2023-08-28,14808500
MSFT,2023-08-29,19284600
MSFT,2023-08-30,15222100
MSFT,2023-08-31,26411000
MSFT,2023-09-01,14942000
MSFT,2023-09-05,18553900
MSFT,2023-09-06,17535800
MSFT,2023-09-07,18381000
MSFT,2023-09-08,19530100
MSFT,2023-09-11,16583300
MSFT,2023-09-12,17565500
MSFT,2023-09-13,16544400
MSFT,2023-09-14,20267000
MSFT,2023-09-15,37679800
MSFT,2023-09-18,16834200
MSFT,2023-09-19,16505900
MSFT,2023-09-20,21436500
MSFT,2023-09-21,35560400
MSFT,2023-09-22,21447900
MSFT,2023-09-25,17836000
MSFT,2023-09-26,26297600
MSFT,2023-09-27,19410100
MSFT,2023-09-28,19683600
MSFT,2023-09-29,24147300
MSFT,2023-10-02,20570000
MSFT,2023-10-03,21033500
MSFT,2023-10-04,20720100
MSFT,2023-10-05,16965600
MSFT,2023-10-06,25673600
MSFT,2023-10-09,19891200
MSFT,2023-10-10,20557100
MSFT,2023-10-11,20063200
MSFT,2023-10-12,19313100
MSFT,2023-10-13,21072400
MSFT,2023-10-16,22158000
MSFT,2023-10-17,18338500
MSFT,2023-10-18,23153600
MSFT,2023-10-19,25052100
MSFT,2023-10-20,25027700
MSFT,2023-10-23,24374700
MSFT,2023-10-24,31153600
MSFT,2023-10-25,55053800
MSFT,2023-10-26,37828500
MSFT,2023-10-27,29856500
MSFT,2023-10-30,22828100
MSFT,2023-10-31,20265300
MSFT,2023-11-01,28158800
MSFT,2023-11-02,24348100
MSFT,2023-11-03,23637700
MSFT,2023-11-06,23828300
MSFT,2023-11-07,25833900
MSFT,2023-11-08,26767800
MSFT,2023-11-09,24847300
MSFT,2023-11-10,28042100
MSFT,2023-11-13,19986500
MSFT,2023-11-14,27683900
MSFT,2023-11-15,26860100
MSFT,2023-11-16,27182300
MSFT,2023-11-17,40157000
MSFT,2023-11-20,52465100
MSFT,2023-11-21,28423100
MSFT,2023-11-22,23345300
MSFT,2023-11-24,10176600
MSFT,2023-11-27,22179200
MSFT,2023-11-28,20453100
MSFT,2023-11-29,28963400
MSFT,2023-11-30,30554400
MSFT,2023-12-01,33040500
MSFT,2023-12-04,32063300
MSFT,2023-12-05,23065000
MSFT,2023-12-06,21182100
MSFT,2023-12-07,23118900
MSFT,2023-12-08,20154400
MSFT,2023-12-11,27708800
MSFT,2023-12-12,24838300
MSFT,2023-12-13,30955500
MSFT,2023-12-14,43277500
MSFT,2023-12-15,78502300
MSFT,2023-12-18,21802900
MSFT,2023-12-19,20603700
MSFT,2023-12-20,26316700
MSFT,2023-12-21,17708000
MSFT,2023-12-22,17107500
MSFT,2023-12-26,12673100
MSFT,2023-12-27,14905400
MSFT,2023-12-28,14327000
MSFT,2023-12-29,18730800
MSFT,2024-01-02,25258600
MSFT,2024-01-03,23083500
MSFT,2024-01-04,20901500
MSFT,2024-01-05,21004600
MSFT,2024-01-08,23134000
MSFT,2024-01-09,20830000
MSFT,2024-01-10,25514200
MSFT,2024-01-11,27850800
MSFT,2024-01-12,21661200
MSFT,2024-01-16,27202300
MSFT,2024-01-17,22234100
MSFT,2024-01-18,23392100
MSFT,2024-01-19,29331100
MSFT,2024-01-22,27016900
MSFT,2024-01-23,20525900
MSFT,2024-01-24,24867000
MSFT,2024-01-25,21021200
MSFT,2024-01-26,17803300
MSFT,2024-01-29,24510200
MSFT,2024-01-30,33477600
MSFT,2024-01-31,47871100
MSFT,2024-02-01,30657700
MSFT,2024-02-02,28256700
MSFT,2024-02-05,25352300
MSFT,2024-02-06,18382600
MSFT,2024-02-07,22340500
MSFT,2024-02-08,21225300
MSFT,2024-02-09,22032800
MSFT,2024-02-12,21202900
MSFT,2024-02-13,27824900
MSFT,2024-02-14,20401200
MSFT,2024-02-15,21825500
MSFT,2024-02-16,22296500
MSFT,2024-02-20,24307900
MSFT,2024-02-21,18518900
MSFT,2024-02-22,27009900
MSFT,2024-02-23,16295900
MSFT,2024-02-26,16193500
MSFT,2024-02-27,14835800
MSFT,2024-02-28,13183100
MSFT,2024-02-29,31947300
MSFT,2024-03-01,17823400
MSFT,2024-03-04,17596000
MSFT,2024-03-05,26919200
MSFT,2024-03-06,22344100
MSFT,2024-03-07,18718500
MSFT,2024-03-08,18002200
MSFT,2024-03-11,16120800
MSFT,2024-03-12,22457000
MSFT,2024-03-13,17115900
MSFT,2024-03-14,34157300
MSFT,2024-03-15,45079900
MSFT,2024-03-18,20106000
MSFT,2024-03-19,19837900
MSFT,2024-03-20,17860100
MSFT,2024-03-21,21296200
MSFT,2024-03-22,17648500
MSFT,2024-03-25,18060500
MSFT,2024-03-26,16725600
MSFT,2024-03-27,16705000
MSFT,2024-03-28,21871200
MSFT,2024-04-01,16316000
MSFT,2024-04-02,17912000
MSFT,2024-04-03,16502300
MSFT,2024-04-04,19370900
MSFT,2024-04-05,16554800
MSFT,2024-04-08,14272400
MSFT,2024-04-09,12496900
MSFT,2024-04-10,16216600
MSFT,2024-04-11,17966400
MSFT,2024-04-12,19253800
MSFT,2024-04-15,20273500
MSFT,2024-04-16,16765600
MSFT,2024-04-17,15855500
MSFT,2024-04-18,21029900
MSFT,2024-04-19,30565800
MSFT,2024-04-22,20286900
MSFT,2024-04-23,15734500
MSFT,2024-04-24,15065300
MSFT,2024-04-25,40586500
MSFT,2024-04-26,29694700
MSFT,2024-04-29,19582100
MSFT,2024-04-30,28781400
MSFT,2024-05-01,23562500
MSFT,2024-05-02,17709400
MSFT,2024-05-03,17446700
MSFT,2024-05-06,16996600
MSFT,2024-05-07,20018200
MSFT,2024-05-08,11792300
MSFT,2024-05-09,14689700
MSFT,2024-05-10,13402300
MSFT,2024-05-13,15440200
MSFT,2024-05-14,15109300
MSFT,2024-05-15,22239500
MSFT,2024-05-16,17530100
MSFT,2024-05-17,15352200
MSFT,2024-05-20,16272100
MSFT,2024-05-21,21453300
MSFT,2024-05-22,18073700
MSFT,2024-05-23,17211700
MSFT,2024-05-24,11855300
MSFT,2024-05-28,15718000
MSFT,2024-05-29,15517100
MSFT,2024-05-30,28394500
MSFT,2024-05-31,47995300
MSFT,2024-06-03,17484700
MSFT,2024-06-04,14348900
MSFT,2024-06-05,16988000
MSFT,2024-06-06,14861300
MSFT,2024-06-07,13621700
MSFT,2024-06-10,13982900
MSFT,2024-06-11,14551100
MSFT,2024-06-12,22366200
MSFT,2024-06-13,15960600
MSFT,2024-06-14,13582000
MSFT,2024-06-17,20790000
MSFT,2024-06-18,17112500
MSFT,2024-06-20,19877400
MSFT,2024-06-21,34187100
MSFT,2024-06-24,15913700
MSFT,2024-06-25,16413400
MSFT,2024-06-26,16507000
MSFT,2024-06-27,14806300
MSFT,2024-06-28,28362300
MSFT,2024-07-01,17662800
MSFT,2024-07-02,13979800
MSFT,2024-07-03,9932800
MSFT,2024-07-05,16000300
MSFT,2024-07-08,12962300
MSFT,2024-07-09,17207200
MSFT,2024-07-10,18196100
MSFT,2024-07-11,23111200
MSFT,2024-07-12,16324300
MSFT,2024-07-15,14429400
MSFT,2024-07-16,17175700
MSFT,2024-07-17,21778000
MSFT,2024-07-18,20794800
MSFT,2024-07-19,20940400
MSFT,2024-07-22,15808800
MSFT,2024-07-23,13107100
MSFT,2024-07-24,26805800
MSFT,2024-07-25,29943800
MSFT,2024-07-26,23583800
MSFT,2024-07-29,15125800
MSFT,2024-07-30,32687600
MSFT,2024-07-31,42891400
MSFT,2024-08-01,30296400
MSFT,2024-08-02,29437900
MSFT,2024-08-05,40709200
MSFT,2024-08-06,24946500
MSFT,2024-08-07,20650900
MSFT,2024-08-08,20203000
MSFT,2024-08-09,19276700
MSFT,2024-08-12,16762900
MSFT,2024-08-13,19414300
MSFT,2024-08-14,18267000
MSFT,2024-08-15,20752100
MSFT,2024-08-16,22775600
MSFT,2024-08-19,15234000
MSFT,2024-08-20,16387600
MSFT,2024-08-21,16067300
MSFT,2024-08-22,19361900
MSFT,2024-08-23,18493800
MSFT,2024-08-26,13152800
MSFT,2024-08-27,13492900
MSFT,2024-08-28,14882700
MSFT,2024-08-29,17045200
MSFT,2024-08-30,24308300
MSFT,2024-09-03,20313600
MSFT,2024-09-04,15135800
MSFT,2024-09-05,14195500
MSFT,2024-09-06,19609500
MSFT,2024-09-09,15295100
MSFT,2024-09-10,19594300
MSFT,2024-09-11,19266900
MSFT,2024-09-12,17395700
MSFT,2024-09-13,15874600
MSFT,2024-09-16,13834700
MSFT,2024-09-17,18874200
MSFT,2024-09-18,18898000
MSFT,2024-09-19,21706600
MSFT,2024-09-20,55167100
MSFT,2024-09-23,15128900
MSFT,2024-09-24,17015800
MSFT,2024-09-25,13396400
MSFT,2024-09-26,14492000
MSFT,2024-09-27,14896100
MSFT,2024-09-30,16807300
MSFT,2024-10-01,19092900
MSFT,2024-10-02,16582300
MSFT,2024-10-03,13686400
MSFT,2024-10-04,19169700
MSFT,2024-10-07,20919800
MSFT,2024-10-08,19229300
MSFT,2024-10-09,14974300
MSFT,2024-10-10,13848400
MSFT,2024-10-11,14144900
MSFT,2024-10-14,16653100
MSFT,2024-10-15,18900200
MSFT,2024-10-16,15508900
MSFT,2024-10-17,14820000
MSFT,2024-10-18,17145300
MSFT,2024-10-21,14206100
MSFT,2024-10-22,25482200
MSFT,2024-10-23,19654400
MSFT,2024-10-24,13581600
MSFT,2024-10-25,16899100
MSFT,2024-10-28,14882400
MSFT,2024-10-29,17644100
MSFT,2024-10-30,29749100
MSFT,2024-10-31,53971000
MSFT,2024-11-01,24230400
MSFT,2024-11-04,19672300
MSFT,2024-11-05,17626000
MSFT,2024-11-06,26681800
MSFT,2024-11-07,19901800
MSFT,2024-11-08,16891400
MSFT,2024-11-11,24503300
MSFT,2024-11-12,19401200
MSFT,2024-11-13,21502200
MSFT,2024-11-14,30246900
MSFT,2024-11-15,28247600
MSFT,2024-11-18,24727000
MSFT,2024-11-19,18133500
MSFT,2024-11-20,19191700
MSFT,2024-11-21,20780200
MSFT,2024-11-22,24814600
MSFT,2024-11-25,27691100
MSFT,2024-11-26,23458900
MSFT,2024-11-27,18332400
MSFT,2024-11-29,16271900
MSFT,2024-12-02,20207200
MSFT,2024-12-03,18302000
MSFT,2024-12-04,26009400
MSFT,2024-12-05,21697800
MSFT,2024-12-06,18821000
MSFT,2024-12-09,19144400
MSFT,2024-12-10,18469500
MSFT,2024-12-11,19200200
MSFT,2024-12-12,20834800
MSFT,2024-12-13,20177800
MSFT,2024-12-16,23598800
MSFT,2024-12-17,22733500
MSFT,2024-12-18,24444500
MSFT,2024-12-19,22963700
MSFT,2024-12-20,64263700
MSFT,2024-12-23,19152500
MSFT,2024-12-24,7164500
MSFT,2024-12-26,8194200
MSFT,2024-12-27,18117700
MSFT,2024-12-30,13158700
MSFT,2024-12-31,13246500
MSFT,2025-01-02,16896500
MSFT,2025-01-03,16662900
MSFT,2025-01-06,20573600
MSFT,2025-01-07,18139100
MSFT,2025-01-08,15054600
MSFT,2025-01-10,20201100
MSFT,2025-01-13,17604800
MSFT,2025-01-14,16935900
MSFT,2025-01-15,19637800
MSFT,2025-01-16,15300000
MSFT,2025-01-17,26197500
MSFT,2025-01-21,26085700
MSFT,2025-01-22,27803800
MSFT,2025-01-23,18389300
MSFT,2025-01-24,15549500
MSFT,2025-01-27,35647800
MSFT,2025-01-28,23491700
MSFT,2025-01-29,23581400
MSFT,2025-01-30,54586300
MSFT,2025-01-31,34161900
MSFT,2025-02-03,25679100
MSFT,2025-02-04,20532100
MSFT,2025-02-05,16316700
MSFT,2025-02-06,16309800
MSFT,2025-02-07,22886800
MSFT,2025-02-10,20817900
MSFT,2025-02-11,18140600
MSFT,2025-02-12,19121700
MSFT,2025-02-13,23891700
MSFT,2025-02-14,22758500
MSFT,2025-02-18,21423100
MSFT,2025-02-19,24114200
MSFT,2025-02-20,23508700
MSFT,2025-02-21,27524800
MSFT,2025-02-24,26443700
MSFT,2025-02-25,29387400
MSFT,2025-02-26,19619000
MSFT,2025-02-27,21127400
MSFT,2025-02-28,32845700
MSFT,2025-03-03,23007700
MSFT,2025-03-04,29342900
MSFT,2025-03-05,23433100
MSFT,2025-03-06,23304600
MSFT,2025-03-07,22034100
MSFT,2025-03-10,32840100
MSFT,2025-03-11,30380200
MSFT,2025-03-12,24253600
MSFT,2025-03-13,20473000
MSFT,2025-03-14,19952800
MSFT,2025-03-17,22474300
MSFT,2025-03-18,19486900
MSFT,2025-03-19,19185500
MSFT,2025-03-20,18470500
MSFT,2025-03-21,39675900
MSFT,2025-03-24,21004500
MSFT,2025-03-25,15775000
MSFT,2025-03-26,16108400
MSFT,2025-03-27,13766800
MSFT,2025-03-28,21632000
MSFT,2025-03-31,35184700
MSFT,2025-04-01,19689500
MSFT,2025-04-02,16092600
MSFT,2025-04-03,30198000
MSFT,2025-04-04,49209900
MSFT,2025-04-07,50425000
MSFT,2025-04-08,35868900
MSFT,2025-04-09,50199700
MSFT,2025-04-10,38024400
MSFT,2025-04-11,23839200
MSFT,2025-04-14,19251200
MSFT,2025-04-15,17199900
MSFT,2025-04-16,21967800
MSFT,2025-04-17,21120200
MSFT,2025-04-21,20807300
MSFT,2025-04-22,19485000
MSFT,2025-04-23,20545500
MSFT,2025-04-24,22232300
MSFT,2025-04-25,18973200
MSFT,2025-04-28,16579400
MSFT,2025-04-29,14974000
MSFT,2025-04-30,36461100
MSFT,2025-05-01,58938100
MSFT,2025-05-02,30757400
MSFT,2025-05-05,20136100
MSFT,2025-05-06,15104200
MSFT,2025-05-07,23295300
MSFT,2025-05-08,23491300
MSFT,2025-05-09,15324200
MSFT,2025-05-12,22821900
MSFT,2025-05-13,23618800
MSFT,2025-05-14,19902800
MSFT,2025-05-15,21992300
MSFT,2025-05-16,23849800
MSFT,2025-05-19,21336500
MSFT,2025-05-20,15441800
MSFT,2025-05-21,19216900
MSFT,2025-05-22,18025600
MSFT,2025-05-23,16883500
MSFT,2025-05-27,20974300
MSFT,2025-05-28,17086300
MSFT,2025-05-29,13974800
MSFT,2025-05-30,34770500
MSFT,2025-06-02,16626500
MSFT,2025-06-03,15743800
MSFT,2025-06-04,14162700
MSFT,2025-06-05,20131700
MSFT,2025-06-06,15285600
MSFT,2025-06-09,16469900
MSFT,2025-06-10,15375900
MSFT,2025-06-11,16399200
MSFT,2025-06-12,18950600
MSFT,2025-06-13,16814500
MSFT,2025-06-16,15626100
MSFT,2025-06-17,15414100
MSFT,2025-06-18,17526500
MSFT,2025-06-20,37576200
MSFT,2025-06-23,24864000
MSFT,2025-06-24,22305600
MSFT,2025-06-25,17495100
MSFT,2025-06-26,21578900
MSFT,2025-06-27,34539200
MSFT,2025-06-30,28369000
MSFT,2025-07-01,19945400
MSFT,2025-07-02,16319600
MSFT,2025-07-03,13984800
MSFT,2025-07-07,13981600
MSFT,2025-07-08,11846600
MSFT,2025-07-09,18659500
MSFT,2025-07-10,16492100
MSFT,2025-07-11,16459500
MSFT,2025-07-14,12058800
MSFT,2025-07-15,14927200
MSFT,2025-07-16,15154400
MSFT,2025-07-17,17503100
MSFT,2025-07-18,21209700
MSFT,2025-07-21,14066800
MSFT,2025-07-22,13868600
MSFT,2025-07-23,16396600
MSFT,2025-07-24,16107000
MSFT,2025-07-25,19125700
MSFT,2025-07-28,14308000
MSFT,2025-07-29,16469200
MSFT,2025-07-30,26380400
MSFT,2025-07-31,51617300
MSFT,2025-08-01,28977600
MSFT,2025-08-04,25349000
MSFT,2025-08-05,19171600
MSFT,2025-08-06,21355700
MSFT,2025-08-07,16079100
MSFT,2025-08-08,15531000
MSFT,2025-08-11,20194400
MSFT,2025-08-12,18667000
MSFT,2025-08-13,19619200
MSFT,2025-08-14,20269100
MSFT,2025-08-15,25213300
MSFT,2025-08-18,23760600
MSFT,2025-08-19,21481000
MSFT,2025-08-20,27723000
MSFT,2025-08-21,18443300
MSFT,2025-08-22,24324200
MSFT,2025-08-25,21638600
MSFT,2025-08-26,30835700
MSFT,2025-08-27,17277900
MSFT,2025-08-28,18015600
MSFT,2025-08-29,20961600
MSFT,2025-09-02,18128000
MSFT,2025-09-03,16345100
MSFT,2025-09-04,15509500
MSFT,2025-09-05,31994800
MSFT,2025-09-08,16771000
MSFT,2025-09-09,14410500
MSFT,2025-09-10,21611800
MSFT,2025-09-11,18881600
MSFT,2025-09-12,23624900
MSFT,2025-09-15,17143800
MSFT,2025-09-16,19711900
MSFT,2025-09-17,15816600
MSFT,2025-09-18,18913700
MSFT,2025-09-19,52474100
MSFT,2025-09-22,20009300
MSFT,2025-09-23,19799600
MSFT,2025-09-24,13533700
MSFT,2025-09-25,15786500
MSFT,2025-09-26,16213100
MSFT,2025-09-29,17617800
MSFT,2025-09-30,19728200
MSFT,2025-10-01,22632300
MSFT,2025-10-02,21222900
MSFT,2025-10-03,15112300
MSFT,2025-10-06,21388600
MSFT,2025-10-07,14615200
MSFT,2025-10-08,13363400
MSFT,2025-10-09,18343600
MSFT,2025-10-10,24133800
MSFT,2025-10-13,14284200
MSFT,2025-10-14,14684300
MSFT,2025-10-15,14694700
MSFT,2025-10-16,15559600
MSFT,2025-10-17,19867800
MSFT,2025-10-20,14665600
MSFT,2025-10-21,15586200
MSFT,2025-10-22,18962700
MSFT,2025-10-23,14023500
MSFT,2025-10-24,15532400
MSFT,2025-10-27,18734700
MSFT,2025-10-28,29986700
MSFT,2025-10-29,36023000
MSFT,2025-10-30,41023100
MSFT,2025-10-31,34006400
MSFT,2025-11-03,22374700
MSFT,2025-11-04,20958700
MSFT,2025-11-05,23024300
MSFT,2025-11-06,27406500
MSFT,2025-11-07,24019800
MSFT,2025-11-10,26101500
MSFT,2025-11-11,17980000
MSFT,2025-11-12,26574900
MSFT,2025-11-13,25273100
MSFT,2025-11-14,28505700
MSFT,2025-11-17,19092800
MSFT,2025-11-18,33815100
MSFT,2025-11-19,23245300
MSFT,2025-11-20,26802500
MSFT,2025-11-21,31769200
MSFT,2025-11-24,34421000
MSFT,2025-11-25,28019800
MSFT,2025-11-26,25709100
MSFT,2025-11-28,14386700
MSFT,2025-12-01,23964000
MSFT,2025-12-02,19562700
MSFT,2025-12-03,34615100
MSFT,2025-12-04,22318200
MSFT,2025-12-05,22608700
MSFT,2025-12-08,21965900
MSFT,2025-12-09,14696100
MSFT,2025-12-10,35756200
MSFT,2025-12-11,24669200
MSFT,2025-12-12,21248100
MSFT,2025-12-15,23727700
MSFT,2025-12-16,20705600
MSFT,2025-12-17,24527200
MSFT,2025-12-18,28573500
MSFT,2025-12-19,70836100
MSFT,2025-12-22,16963000
MSFT,2025-12-23,14683600
MSFT,2025-12-24,5855900
MSFT,2025-12-26,8842200
MSFT,2025-12-29,10893400
MSFT,2025-12-30,13944500
MSFT,2025-12-31,15601600
MSFT,2026-01-02,25571600
MSFT,2026-01-05,25250300
MSFT,2026-01-06,23037700
MSFT,2026-01-07,25564200
MSFT,2026-01-08,18162600
MSFT,2026-01-09,18491000
MSFT,2026-01-12,23519900
MSFT,2026-01-13,28545800
MSFT,2026-01-14,28184300
MSFT,2026-01-15,23225800
MSFT,2026-01-16,34246700
MSFT,2026-01-20,26130000
MSFT,2026-01-21,37980500
MSFT,2026-01-22,25349400
MSFT,2026-01-23,38000200
MSFT,2026-01-26,29291200
MSFT,2026-01-27,29213900
MSFT,2026-01-28,36875400
MSFT,2026-01-29,128855300
MSFT,2026-01-30,58566800
MSFT,2026-02-02,42219900
MSFT,2026-02-03,61424100
MSFT,2026-02-04,45012400
MSFT,2026-02-05,66289200
MSFT,2026-02-06,53515300
MSFT,2026-02-09,45480500
MSFT,2026-02-10,44857900
MSFT,2026-02-11,42491000
MSFT,2026-02-12,40802400
MSFT,2026-02-13,34091600
MSFT,2026-02-17,32078800
MSFT,2026-02-18,23223400
MSFT,2026-02-19,28234000
MSFT,2026-02-20,34015200
MSFT,2026-02-23,43238300
MSFT,2026-02-24,33884700
MSFT,2026-02-25,43625500
MSFT,2026-02-26,34405900
MSFT,2026-02-27,51367200
MSFT,2026-03-02,35474900
MSFT,2026-03-03,38199200
MSFT,2026-03-04,35808000
MSFT,2026-03-05,39001300
MSFT,2026-03-06,31123900
MSFT,2026-03-09,30131900
MSFT,2026-03-10,31706400
MSFT,2026-03-11,25512100
MSFT,2026-03-12,27263900
MSFT,2026-03-13,26848000
MSFT,2026-03-16,27733700
MSFT,2026-03-17,26228300
MSFT,2026-03-18,25908500
MSFT,2026-03-19,25138800
MSFT,2026-03-20,50853200
MSFT,2026-03-23,29680100
MSFT,2026-03-24,42733600
MSFT,2026-03-25,31181200
MSFT,2026-03-26,36836600
MSFT,2026-03-27,37763600
